date,home_team,away_team,home_score,away_score,fd_home_ml,fd_away_ml,fd_total,fd_over_odds,fd_under_odds
2026-03-25,SFG,NYY,0.0,7.0,,,,,
2026-03-26,NYM,PIT,11.0,7.0,,,,,
2026-03-26,MIL,CHW,14.0,2.0,,,,,
2026-03-26,CHC,WSN,4.0,10.0,,,,,
2026-03-26,BAL,MIN,2.0,1.0,,,,,
2026-03-26,CIN,BOS,0.0,3.0,,,,,
2026-03-26,HOU,LAA,0.0,3.0,,,,,
2026-03-26,SDP,DET,2.0,8.0,,,,,
2026-03-26,STL,TBR,9.0,7.0,,,,,
2026-03-26,PHI,TEX,5.0,3.0,,,,,
2026-03-26,LAD,ARI,8.0,2.0,,,,,
2026-03-26,SEA,CLE,4.0,6.0,,,,,
2026-03-27,TOR,ATH,3.0,2.0,,,,,
2026-03-27,ATL,KCR,6.0,0.0,,,,,
2026-03-27,MIA,COL,2.0,1.0,,,,,
2026-03-27,SFG,NYY,0.0,3.0,,,,,
2026-03-27,LAD,ARI,5.0,4.0,,,,,
2026-03-27,SDP,DET,2.0,5.0,,,,,
2026-03-27,HOU,LAA,2.0,6.0,,,,,
2026-03-27,SEA,CLE,5.0,1.0,,,,,
2026-03-28,TOR,ATH,8.0,7.0,,,,,
2026-03-28,HOU,LAA,11.0,9.0,,,,,
2026-03-28,PHI,TEX,4.0,5.0,,,,,
2026-03-28,MIA,COL,4.0,3.0,,,,,
2026-03-28,STL,TBR,6.0,5.0,,,,,
2026-03-28,CHC,WSN,10.0,2.0,,,,,
2026-03-28,BAL,MIN,1.0,4.0,,,,,
2026-03-28,ATL,KCR,6.0,2.0,,,,,
2026-03-28,SDP,DET,3.0,0.0,,,,,
2026-03-28,LAD,ARI,3.0,2.0,,,,,
2026-03-28,SEA,CLE,5.0,6.0,,,,,
2026-03-28,MIL,CHW,6.0,1.0,,,,,
2026-03-28,NYM,PIT,4.0,2.0,,,,,
2026-03-28,SFG,NYY,1.0,3.0,,,,,
2026-03-28,CIN,BOS,6.0,5.0,,,,,
2026-03-29,MIL,CHW,9.0,7.0,-165.0,140.0,,,
2026-03-29,STL,TBR,7.0,11.0,100.0,-120.0,,,
2026-03-29,HOU,LAA,9.0,7.0,-170.0,144.0,,,
2026-03-29,MIA,COL,4.0,3.0,-190.0,159.0,,,
2026-03-29,BAL,MIN,8.0,6.0,-160.0,135.0,,,
2026-03-29,ATL,KCR,1.0,4.0,-153.0,126.0,,,
2026-03-29,SEA,CLE,8.0,0.0,-149.0,123.0,,,
2026-03-29,CHC,WSN,3.0,6.0,-255.0,210.0,,,
2026-03-29,NYM,PIT,3.0,4.0,-185.0,154.0,,,
2026-03-29,TOR,ATH,5.0,2.0,-155.0,130.0,,,
2026-03-29,CIN,BOS,3.0,2.0,115.0,-135.0,,,
2026-03-29,PHI,TEX,3.0,8.0,-160.0,135.0,,,
2026-03-30,KCR,MIN,3.0,1.0,-165.0,140.0,,,
2026-03-30,ARI,DET,9.0,6.0,-125.0,105.0,,,
2026-03-30,CIN,PIT,2.0,0.0,-135.0,113.0,,,
2026-03-30,CHC,LAA,7.0,2.0,-190.0,159.0,,,
2026-03-30,MIA,CHW,4.0,9.0,-149.0,124.0,,,
2026-03-30,TOR,COL,5.0,14.0,-291.0,235.0,,,
2026-03-30,ATL,ATH,4.0,0.0,-126.0,105.0,,,
2026-03-30,SDP,SFG,2.0,3.0,-118.0,100.0,,,
2026-03-30,MIL,TBR,2.0,3.0,-160.0,135.0,,,
2026-03-30,STL,NYM,2.0,4.0,130.0,-155.0,,,
2026-03-30,HOU,BOS,8.0,1.0,112.0,-132.0,,,
2026-03-30,BAL,TEX,2.0,5.0,-130.0,109.0,,,
2026-03-30,SEA,NYY,2.0,1.0,100.0,-120.0,,,
2026-03-30,PHI,WSN,2.0,13.0,-170.0,145.0,,,
2026-03-30,LAD,CLE,2.0,4.0,-184.0,154.0,,,
2026-03-31,BAL,TEX,5.0,8.0,105.0,-125.0,,,
2026-03-31,CIN,PIT,3.0,8.0,104.0,-125.0,,,
2026-03-31,PHI,WSN,3.0,2.0,-190.0,158.0,,,
2026-03-31,MIA,CHW,9.0,2.0,-152.0,128.0,,,
2026-03-31,TOR,COL,5.0,1.0,-267.0,215.0,,,
2026-03-31,ATL,ATH,2.0,5.0,-155.0,130.0,,,
2026-03-31,CHC,LAA,0.0,2.0,-140.0,119.0,,,
2026-03-31,MIL,TBR,6.0,2.0,-126.0,105.0,,,
2026-03-31,STL,NYM,3.0,0.0,125.0,-150.0,,,
2026-03-31,HOU,BOS,9.0,2.0,-143.0,120.0,,,
2026-03-31,ARI,DET,7.0,5.0,-110.0,-110.0,,,
2026-03-31,SDP,SFG,3.0,9.0,110.0,-130.0,,,
2026-03-31,SEA,NYY,0.0,5.0,100.0,-120.0,,,
2026-03-31,LAD,CLE,4.0,1.0,-285.0,230.0,,,
2026-04-01,ATL,ATH,5.0,1.0,-232.0,190.0,,,
2026-04-01,LAD,CLE,1.0,4.0,-300.0,240.0,,,
2026-04-01,CIN,PIT,3.0,8.0,120.0,-142.0,,,
2026-04-01,PHI,WSN,6.0,5.0,-285.0,228.0,,,
2026-04-01,TOR,COL,1.0,2.0,-278.0,225.0,,,
2026-04-01,MIA,CHW,10.0,0.0,-146.0,123.0,,,
2026-04-01,STL,NYM,2.0,1.0,140.0,-165.0,,,
2026-04-01,BAL,TEX,8.0,3.0,-118.0,-102.0,,,
2026-04-01,HOU,BOS,6.0,4.0,120.0,-143.0,,,
2026-04-01,CHC,LAA,6.0,2.0,-165.0,136.0,,,
2026-04-01,ARI,DET,1.0,0.0,130.0,-155.0,,,
2026-04-01,SDP,SFG,7.0,1.0,-154.0,130.0,,,
2026-04-01,SEA,NYY,3.0,5.0,-120.0,100.0,,,
2026-04-01,KCR,MIN,13.0,9.0,-105.0,-115.0,,,
2026-04-01,MIL,TBR,8.0,2.0,-140.0,119.0,,,
2026-04-02,KCR,MIN,1.0,5.0,-155.0,130.0,,,
2026-04-02,ARI,ATL,2.0,17.0,-110.0,-110.0,,,
2026-04-02,SFG,NYM,7.0,2.0,100.0,-120.0,,,
2026-04-03,CHW,TOR,5.0,4.0,168.0,-202.0,,,
2026-04-03,TEX,CIN,3.0,5.0,-165.0,140.0,,,
2026-04-03,WSN,LAD,6.0,13.0,230.0,-285.0,,,
2026-04-03,NYY,MIA,8.0,2.0,-165.0,139.0,,,
2026-04-03,CLE,CHC,4.0,1.0,-108.0,-112.0,,,
2026-04-03,BOS,SDP,5.0,2.0,-125.0,105.0,,,
2026-04-03,DET,STL,4.0,0.0,-185.0,153.0,,,
2026-04-03,SFG,NYM,3.0,10.0,110.0,-130.0,,,
2026-04-03,LAA,SEA,1.0,3.0,135.0,-160.0,,,
2026-04-03,ATH,HOU,11.0,4.0,-110.0,-110.0,,,
2026-04-03,MIN,TBR,10.0,4.0,-110.0,-110.0,,,
2026-04-03,ARI,ATL,0.0,2.0,-110.0,-110.0,,,
2026-04-03,COL,PHI,1.0,10.0,155.0,-190.0,,,
2026-04-03,PIT,BAL,5.0,4.0,100.0,-120.0,,,
2026-04-04,PIT,BAL,3.0,2.0,-118.0,-102.0,,,
2026-04-04,BOS,SDP,2.0,3.0,-145.0,122.0,,,
2026-04-04,CHW,TOR,6.0,3.0,123.0,-146.0,,,
2026-04-04,KCR,MIL,2.0,5.0,-105.0,-115.0,,,
2026-04-04,KCR,MIL,8.0,2.0,100.0,-118.0,,,
2026-04-04,WSN,LAD,5.0,10.0,245.0,-306.0,,,
2026-04-04,ATH,HOU,0.0,11.0,-105.0,-115.0,,,
2026-04-04,MIN,TBR,1.0,7.0,-112.0,-106.0,,,
2026-04-04,ARI,ATL,2.0,1.0,-113.0,-105.0,,,
2026-04-04,COL,PHI,1.0,2.0,195.0,-240.0,,,
2026-04-04,SFG,NYM,0.0,9.0,-105.0,-115.0,,,
2026-04-04,LAA,SEA,1.0,0.0,135.0,-160.0,,,
2026-04-04,TEX,CIN,0.0,2.0,-143.0,120.0,,,
2026-04-04,NYY,MIA,9.0,7.0,-196.0,163.0,,,
2026-04-05,NYY,MIA,6.0,7.0,-292.0,235.0,,,
2026-04-05,CLE,CHC,0.0,1.0,110.0,-130.0,,,
2026-04-05,CHW,TOR,3.0,0.0,140.0,-166.0,,,
2026-04-05,CLE,CHC,6.0,5.0,114.0,-135.0,,,
2026-04-05,WSN,LAD,6.0,8.0,144.0,-172.0,,,
2026-04-05,PIT,BAL,8.0,2.0,-125.0,105.0,,,
2026-04-05,BOS,SDP,6.0,8.0,-156.0,130.0,,,
2026-04-05,MIN,TBR,1.0,4.0,-110.0,-110.0,,,
2026-04-05,COL,PHI,4.0,1.0,130.0,-155.0,,,
2026-04-05,ATH,HOU,12.0,10.0,110.0,-133.0,,,
2026-04-05,SFG,NYM,2.0,5.0,-120.0,100.0,,,
2026-04-05,LAA,SEA,8.0,7.0,140.0,-170.0,,,
2026-04-05,ARI,ATL,6.0,5.0,-115.0,-105.0,,,
2026-04-05,DET,STL,3.0,5.0,-142.0,120.0,,,
2026-04-05,KCR,MIL,5.0,8.0,-120.0,100.0,,,
2026-04-05,TEX,CIN,1.0,2.0,-125.0,105.0,,,
2026-04-06,MIA,CIN,0.0,2.0,-140.0,118.0,,,
2026-04-06,WSN,STL,9.0,6.0,-105.0,-115.0,,,
2026-04-06,TBR,CHC,6.0,4.0,-125.0,105.0,,,
2026-04-06,TEX,SEA,2.0,1.0,-115.0,-105.0,,,
2026-04-06,BOS,MIL,6.0,8.0,109.0,-130.0,,,
2026-04-06,COL,HOU,9.0,7.0,129.0,-154.0,,,
2026-04-06,CLE,KCR,2.0,4.0,-115.0,-105.0,,,
2026-04-06,SFG,PHI,4.0,6.0,100.0,-120.0,,,
2026-04-06,TOR,LAD,2.0,14.0,105.0,-125.0,,,
2026-04-06,LAA,ATL,6.0,2.0,149.0,-178.0,,,
2026-04-06,MIN,DET,7.0,3.0,-122.0,104.0,,,
2026-04-06,CHW,BAL,1.0,2.0,115.0,-140.0,,,
2026-04-06,PIT,SDP,0.0,5.0,-140.0,119.0,,,
2026-04-07,CLE,KCR,2.0,1.0,-125.0,104.0,,,
2026-04-07,CHW,BAL,2.0,4.0,124.0,-150.0,,,
2026-04-07,NYM,ARI,4.0,3.0,-155.0,130.0,,,
2026-04-07,PIT,SDP,7.0,1.0,-145.0,122.0,,,
2026-04-07,TBR,CHC,2.0,9.0,-120.0,100.0,,,
2026-04-07,MIA,CIN,3.0,6.0,-140.0,118.0,,,
2026-04-07,WSN,STL,6.0,7.0,-115.0,-105.0,,,
2026-04-07,BOS,MIL,3.0,2.0,-163.0,135.0,,,
2026-04-07,NYY,ATH,5.0,3.0,-270.0,218.0,,,
2026-04-07,TOR,LAD,1.0,4.0,130.0,-155.0,,,
2026-04-07,MIN,DET,4.0,2.0,140.0,-170.0,,,
2026-04-07,TEX,SEA,3.0,2.0,100.0,-120.0,,,
2026-04-07,COL,HOU,5.0,1.0,140.0,-165.0,,,
2026-04-07,LAA,ATL,2.0,7.0,110.0,-130.0,,,
2026-04-07,SFG,PHI,6.0,0.0,130.0,-155.0,,,
2026-04-08,PIT,SDP,2.0,8.0,105.0,-125.0,,,
2026-04-08,CLE,KCR,10.0,2.0,115.0,-136.0,,,
2026-04-08,BOS,MIL,5.0,0.0,-140.0,119.0,,,
2026-04-08,MIN,DET,8.0,6.0,130.0,-156.0,,,
2026-04-08,TEX,SEA,3.0,0.0,100.0,-120.0,,,
2026-04-08,TOR,LAD,4.0,3.0,135.0,-160.0,,,
2026-04-08,COL,HOU,9.0,1.0,115.0,-136.0,,,
2026-04-08,CHW,BAL,3.0,5.0,123.0,-149.0,,,
2026-04-08,WSN,STL,1.0,6.0,105.0,-125.0,,,
2026-04-08,LAA,ATL,2.0,8.0,105.0,-125.0,,,
2026-04-08,NYM,ARI,2.0,7.0,-130.0,110.0,,,
2026-04-08,TBR,CHC,2.0,6.0,-115.0,-105.0,,,
2026-04-08,MIA,CIN,7.0,4.0,-130.0,110.0,,,
2026-04-08,NYY,ATH,2.0,3.0,-200.0,165.0,,,
2026-04-08,SFG,PHI,5.0,0.0,115.0,-135.0,,,
2026-04-09,MIA,CIN,8.0,1.0,-125.0,105.0,,,
2026-04-09,NYY,ATH,0.0,1.0,-195.0,162.0,,,
2026-04-09,MIN,DET,3.0,1.0,119.0,-140.0,,,
2026-04-09,NYM,ARI,1.0,7.0,-188.0,155.0,,,
2026-04-09,KCR,CHW,0.0,2.0,-178.0,150.0,,,
2026-04-09,SDP,COL,7.0,3.0,-186.0,153.0,,,
2026-04-10,TOR,MIN,10.0,4.0,-155.0,129.0,,,
2026-04-10,NYM,ATH,0.0,4.0,-145.0,122.0,,,
2026-04-10,CHC,PIT,0.0,2.0,-156.0,130.0,,,
2026-04-10,PHI,ARI,4.0,5.0,-180.0,150.0,,,
2026-04-10,DET,MIA,2.0,0.0,-131.0,110.0,,,
2026-04-10,TBR,NYY,5.0,3.0,-105.0,-115.0,,,
2026-04-10,BAL,SFG,3.0,6.0,-125.0,105.0,,,
2026-04-10,STL,BOS,3.0,2.0,115.0,-136.0,,,
2026-04-10,MIL,WSN,3.0,7.0,-205.0,170.0,,,
2026-04-10,SDP,COL,5.0,2.0,-171.0,145.0,,,
2026-04-10,CIN,LAA,2.0,10.0,-180.0,150.0,,,
2026-04-10,SEA,HOU,9.0,6.0,-140.0,118.0,,,
2026-04-10,LAD,TEX,8.0,7.0,-240.0,194.0,,,
2026-04-10,ATL,CLE,11.0,5.0,-140.0,117.0,,,
2026-04-10,KCR,CHW,2.0,0.0,-180.0,150.0,,,
2026-04-11,LAD,TEX,6.0,3.0,-186.0,155.0,,,
2026-04-11,DET,MIA,6.0,1.0,-140.0,120.0,,,
2026-04-11,CHC,PIT,3.0,4.0,-145.0,122.0,,,
2026-04-11,TOR,MIN,4.0,7.0,-125.0,105.0,,,
2026-04-11,CIN,LAA,7.0,3.0,-126.0,106.0,,,
2026-04-11,NYM,ATH,6.0,11.0,-165.0,135.0,,,
2026-04-11,SEA,HOU,8.0,7.0,-160.0,135.0,,,
2026-04-11,KCR,CHW,2.0,0.0,-190.0,159.0,,,
2026-04-11,MIL,WSN,1.0,3.0,-180.0,150.0,,,
2026-04-11,BAL,SFG,6.0,2.0,100.0,-120.0,,,
2026-04-11,STL,BOS,1.0,7.0,118.0,-140.0,,,
2026-04-11,ATL,CLE,0.0,6.0,-120.0,100.0,,,
2026-04-11,SDP,COL,9.0,5.0,-170.0,142.0,,,
2026-04-11,TBR,NYY,5.0,4.0,144.0,-172.0,,,
2026-04-11,PHI,ARI,4.0,3.0,-125.0,105.0,,,
2026-04-12,STL,BOS,3.0,9.0,-105.0,-115.0,,,
2026-04-12,KCR,CHW,5.0,6.0,-180.0,150.0,,,
2026-04-12,BAL,SFG,6.0,2.0,-125.0,105.0,,,
2026-04-12,PHI,ARI,3.0,4.0,-136.0,115.0,,,
2026-04-12,TOR,MIN,2.0,8.0,-136.0,115.0,,,
2026-04-12,CIN,LAA,6.0,9.0,-105.0,-115.0,,,
2026-04-12,TBR,NYY,5.0,4.0,115.0,-138.0,,,
2026-04-12,CHC,PIT,7.0,6.0,-135.0,115.0,,,
2026-04-12,MIL,WSN,6.0,8.0,-219.0,179.0,,,
2026-04-12,SDP,COL,7.0,2.0,-225.0,185.0,,,
2026-04-12,SEA,HOU,6.0,1.0,-190.0,158.0,,,
2026-04-12,LAD,TEX,2.0,5.0,-130.0,110.0,,,
2026-04-12,ATL,CLE,13.0,1.0,-195.0,162.0,,,
2026-04-12,DET,MIA,8.0,2.0,-171.0,143.0,,,
2026-04-12,NYM,ATH,0.0,1.0,-165.0,140.0,,,
2026-04-13,BAL,ARI,9.0,7.0,-130.0,110.0,,,
2026-04-13,PIT,WSN,16.0,5.0,-225.0,185.0,,,
2026-04-13,SEA,HOU,6.0,2.0,-178.0,149.0,,,
2026-04-13,PHI,CHC,13.0,7.0,-172.0,144.0,,,
2026-04-13,NYY,LAA,11.0,10.0,-181.0,150.0,,,
2026-04-13,ATL,MIA,4.0,10.0,-148.0,124.0,,,
2026-04-13,ATH,TEX,1.0,8.0,105.0,-125.0,,,
2026-04-13,MIN,BOS,13.0,6.0,140.0,-165.0,,,
2026-04-13,STL,CLE,3.0,9.0,100.0,-120.0,,,
2026-04-13,LAD,NYM,4.0,0.0,-160.0,135.0,,,
2026-04-14,CHW,TBR,5.0,8.0,110.0,-130.0,,,
2026-04-14,ATL,MIA,6.0,5.0,-162.0,135.0,,,
2026-04-14,BAL,ARI,3.0,4.0,-170.0,140.0,,,
2026-04-14,DET,KCR,2.0,1.0,-122.0,104.0,,,
2026-04-14,PIT,WSN,4.0,5.0,-180.0,150.0,,,
2026-04-14,CIN,SFG,2.0,1.0,-110.0,-106.0,,,
2026-04-14,MIL,TOR,7.0,9.0,-120.0,100.0,,,
2026-04-14,PHI,CHC,4.0,10.0,-140.0,118.0,,,
2026-04-14,STL,CLE,6.0,5.0,110.0,-130.0,,,
2026-04-14,HOU,COL,7.0,6.0,-168.0,140.0,,,
2026-04-14,SDP,SEA,4.0,1.0,-102.0,-118.0,,,
2026-04-14,ATH,TEX,2.0,1.0,110.0,-130.0,,,
2026-04-14,LAD,NYM,2.0,1.0,-199.0,163.0,,,
2026-04-14,MIN,BOS,6.0,0.0,118.0,-140.0,,,
2026-04-14,NYY,LAA,1.0,7.0,-180.0,150.0,,,
2026-04-15,CHW,TBR,3.0,8.0,-105.0,-115.0,,,
2026-04-15,NYY,LAA,5.0,4.0,-195.0,160.0,,,
2026-04-15,BAL,ARI,5.0,8.0,-135.0,115.0,,,
2026-04-15,STL,CLE,5.0,3.0,-110.0,-110.0,,,
2026-04-15,MIN,BOS,5.0,9.0,113.0,-135.0,,,
2026-04-15,DET,KCR,2.0,1.0,-125.0,105.0,,,
2026-04-15,PHI,CHC,2.0,11.0,-140.0,118.0,,,
2026-04-15,MIL,TOR,2.0,1.0,100.0,-120.0,,,
2026-04-15,ATL,MIA,6.0,3.0,-163.0,135.0,,,
2026-04-15,HOU,COL,3.0,1.0,-190.0,160.0,,,
2026-04-15,SDP,SEA,7.0,6.0,-110.0,-110.0,,,
2026-04-15,ATH,TEX,6.0,5.0,-118.0,100.0,,,
2026-04-15,LAD,NYM,8.0,2.0,-190.0,159.0,,,
2026-04-15,CIN,SFG,8.0,3.0,-110.0,-110.0,,,
2026-04-15,PIT,WSN,2.0,0.0,-170.0,144.0,,,
2026-04-16,DET,KCR,10.0,9.0,105.0,-125.0,,,
2026-04-16,NYY,LAA,4.0,11.0,-305.0,244.0,,,
2026-04-16,PIT,WSN,7.0,8.0,-165.0,139.0,,,
2026-04-16,CIN,SFG,0.0,3.0,-120.0,100.0,,,
2026-04-16,MIL,TOR,2.0,1.0,-115.0,-105.0,,,
2026-04-16,CHW,TBR,3.0,5.0,110.0,-130.0,,,
2026-04-16,HOU,COL,2.0,3.0,-165.0,140.0,,,
2026-04-16,SDP,SEA,5.0,2.0,100.0,-120.0,,,
2026-04-16,ATH,TEX,6.0,9.0,-110.0,-110.0,,,
2026-04-16,CLE,BAL,4.0,2.0,-135.0,114.0,,,
2026-04-17,CHC,NYM,12.0,4.0,-155.0,130.0,,,
2026-04-17,ARI,TOR,6.0,3.0,-140.0,119.0,,,
2026-04-17,PIT,TBR,5.0,1.0,-125.0,105.0,,,
2026-04-17,WSN,SFG,5.0,10.0,122.0,-145.0,,,
2026-04-17,MIA,MIL,5.0,7.0,-115.0,-105.0,,,
2026-04-17,CLE,BAL,4.0,6.0,-140.0,118.0,,,
2026-04-17,HOU,STL,4.0,9.0,-125.0,105.0,,,
2026-04-17,NYY,KCR,4.0,2.0,-180.0,150.0,,,
2026-04-17,COL,LAD,1.0,7.0,258.0,-319.0,,,
2026-04-17,LAA,SDP,8.0,0.0,-130.0,110.0,,,
2026-04-17,SEA,TEX,0.0,5.0,-132.0,112.0,,,
2026-04-17,ATH,CHW,2.0,9.0,-158.0,134.0,,,
2026-04-17,BOS,DET,1.0,0.0,-125.0,105.0,,,
2026-04-17,MIN,CIN,1.0,2.0,-170.0,141.0,,,
2026-04-17,PHI,ATL,0.0,9.0,-105.0,-115.0,,,
2026-04-18,BOS,DET,1.0,4.0,122.0,-145.0,,,
2026-04-18,NYY,KCR,13.0,4.0,-165.0,139.0,,,
2026-04-18,MIN,CIN,4.0,5.0,-130.0,110.0,,,
2026-04-18,CHC,NYM,4.0,2.0,-118.0,-102.0,,,
2026-04-18,PIT,TBR,7.0,8.0,-154.0,130.0,,,
2026-04-18,WSN,SFG,6.0,7.0,-110.0,-110.0,,,
2026-04-18,ATH,CHW,7.0,6.0,-165.0,139.0,,,
2026-04-18,HOU,STL,5.0,7.0,-145.0,120.0,,,
2026-04-18,MIA,MIL,2.0,5.0,-120.0,100.0,,,
2026-04-18,CLE,BAL,4.0,2.0,-143.0,119.0,,,
2026-04-18,PHI,ATL,1.0,3.0,-120.0,100.0,,,
2026-04-18,COL,LAD,4.0,3.0,235.0,-290.0,,,
2026-04-18,ARI,TOR,6.0,2.0,-152.0,128.0,,,
2026-04-18,LAA,SDP,1.0,4.0,-105.0,-115.0,,,
2026-04-18,SEA,TEX,7.0,3.0,-140.0,119.0,,,
2026-04-19,CLE,BAL,8.0,4.0,-120.0,100.0,,,
2026-04-19,MIA,MIL,5.0,3.0,-115.0,-105.0,,,
2026-04-19,PIT,TBR,6.0,3.0,-105.0,-115.0,,,
2026-04-19,WSN,SFG,3.0,0.0,115.0,-136.0,,,
2026-04-19,LAA,SDP,1.0,2.0,126.0,-150.0,,,
2026-04-19,CHC,NYM,2.0,1.0,-138.0,115.0,,,
2026-04-19,HOU,STL,5.0,7.0,-140.0,118.0,,,
2026-04-19,MIN,CIN,4.0,7.0,-115.0,-105.0,,,
2026-04-19,PHI,ATL,2.0,4.0,-105.0,-115.0,,,
2026-04-19,ATH,CHW,4.0,7.0,-160.0,135.0,,,
2026-04-19,SEA,TEX,5.0,2.0,-140.0,118.0,,,
2026-04-19,ARI,TOR,4.0,10.0,100.0,-120.0,,,
2026-04-19,BOS,DET,2.0,6.0,-150.0,126.0,,,
2026-04-19,COL,LAD,9.0,6.0,172.0,-207.0,,,
2026-04-19,NYY,KCR,7.0,0.0,-155.0,129.0,,,
2026-04-20,TBR,CIN,1.0,6.0,-120.0,100.0,,,
2026-04-20,WSN,ATL,4.0,9.0,135.0,-160.0,,,
2026-04-20,BOS,DET,8.0,6.0,-136.0,115.0,,,
2026-04-20,CLE,HOU,2.0,9.0,-120.0,100.0,,,
2026-04-20,MIA,STL,5.0,3.0,-130.0,110.0,,,
2026-04-20,COL,LAD,3.0,12.0,185.0,-225.0,,,
2026-04-20,LAA,TOR,2.0,5.0,100.0,-120.0,,,
2026-04-20,SEA,ATH,4.0,6.0,-148.0,123.0,,,
2026-04-20,KCR,BAL,5.0,7.0,-105.0,-115.0,,,
2026-04-20,CHC,PHI,5.0,1.0,-115.0,-105.0,,,
2026-04-21,DET,MIL,4.0,12.0,-110.0,-110.0,,,
2026-04-21,TBR,CIN,6.0,12.0,-105.0,-115.0,,,
2026-04-21,KCR,BAL,6.0,5.0,-130.0,109.0,,,
2026-04-21,TEX,PIT,5.0,1.0,-115.0,-105.0,,,
2026-04-21,WSN,ATL,11.0,4.0,135.0,-160.0,,,
2026-04-21,MIA,STL,3.0,5.0,-125.0,105.0,,,
2026-04-21,BOS,NYY,0.0,4.0,-125.0,105.0,,,
2026-04-21,SFG,LAD,3.0,1.0,150.0,-178.0,,,
2026-04-21,CHC,PHI,7.0,4.0,-126.0,108.0,,,
2026-04-21,SEA,ATH,2.0,5.0,-160.0,135.0,,,
2026-04-21,COL,SDP,0.0,1.0,123.0,-146.0,,,
2026-04-21,CLE,HOU,8.0,5.0,-155.0,130.0,,,
2026-04-21,NYM,MIN,3.0,5.0,-165.0,136.0,,,
2026-04-21,ARI,CHW,5.0,11.0,-144.0,120.0,,,
2026-04-21,LAA,TOR,2.0,4.0,-115.0,-105.0,,,
2026-04-22,KCR,BAL,6.0,8.0,-130.0,110.0,,,
2026-04-22,LAA,TOR,7.0,3.0,-150.0,125.0,,,
2026-04-22,SEA,ATH,5.0,4.0,-190.0,157.0,,,
2026-04-22,DET,MIL,5.0,2.0,-135.0,115.0,,,
2026-04-22,MIA,STL,4.0,1.0,-150.0,125.0,,,
2026-04-22,CLE,HOU,0.0,2.0,-165.0,140.0,,,
2026-04-22,TBR,CIN,6.0,1.0,-140.0,119.0,,,
2026-04-22,WSN,ATL,6.0,8.0,135.0,-165.0,,,
2026-04-22,COL,SDP,8.0,3.0,135.0,-160.0,,,
2026-04-22,ARI,CHW,11.0,7.0,-150.0,125.0,,,
2026-04-22,SFG,LAD,3.0,0.0,170.0,-205.0,,,
2026-04-22,BOS,NYY,1.0,4.0,110.0,-130.0,,,
2026-04-22,NYM,MIN,3.0,2.0,-163.0,135.0,,,
2026-04-22,CHC,PHI,7.0,2.0,-190.0,159.0,,,
2026-04-22,TEX,PIT,4.0,8.0,-102.0,-118.0,,,
2026-04-23,WSN,ATL,2.0,7.0,115.0,-136.0,,,
2026-04-23,BOS,NYY,2.0,4.0,129.0,-155.0,,,
2026-04-23,CHC,PHI,8.0,7.0,-105.0,-115.0,,,
2026-04-23,ARI,CHW,1.0,4.0,-149.0,125.0,,,
2026-04-23,TEX,PIT,6.0,1.0,-160.0,135.0,,,
2026-04-23,SFG,LAD,0.0,3.0,130.0,-155.0,,,
2026-04-23,COL,SDP,8.0,10.0,130.0,-155.0,,,
2026-04-23,NYM,MIN,10.0,8.0,-115.0,-105.0,,,
2026-04-23,DET,MIL,5.0,4.0,-235.0,192.0,,,
2026-04-24,ATL,PHI,5.0,3.0,-165.0,139.0,,,
2026-04-24,KCR,LAA,6.0,3.0,-110.0,-110.0,,,
2026-04-24,CIN,DET,9.0,8.0,-105.0,-115.0,,,
2026-04-24,BAL,BOS,10.0,3.0,-125.0,105.0,,,
2026-04-24,TOR,CLE,6.0,8.0,105.0,-125.0,,,
2026-04-24,NYM,COL,3.0,4.0,-200.0,168.0,,,
2026-04-24,TBR,MIN,6.0,2.0,-140.0,119.0,,,
2026-04-24,TEX,ATH,1.0,8.0,-136.0,115.0,,,
2026-04-24,HOU,NYY,4.0,12.0,130.0,-156.0,,,
2026-04-24,STL,SEA,2.0,3.0,123.0,-146.0,,,
2026-04-24,LAD,CHC,4.0,6.0,-155.0,130.0,,,
2026-04-24,SFG,MIA,4.0,9.0,-105.0,-115.0,,,
2026-04-24,MIL,PIT,0.0,6.0,-105.0,-115.0,,,
2026-04-24,CHW,WSN,5.0,4.0,-125.0,105.0,,,
2026-04-25,TBR,MIN,6.0,1.0,-136.0,115.0,,,
2026-04-25,ARI,SDP,4.0,6.0,-115.0,-105.0,,,
2026-04-25,BAL,BOS,1.0,17.0,-126.0,108.0,,,
2026-04-25,TOR,CLE,5.0,3.0,-150.0,125.0,,,
2026-04-25,SFG,MIA,6.0,2.0,-110.0,-108.0,,,
2026-04-25,CHW,WSN,3.0,6.0,-143.0,120.0,,,
2026-04-25,STL,SEA,9.0,11.0,125.0,-150.0,,,
2026-04-25,HOU,NYY,3.0,8.0,130.0,-156.0,,,
2026-04-25,CIN,DET,9.0,2.0,-108.0,-110.0,,,
2026-04-25,LAD,CHC,12.0,4.0,-125.0,105.0,,,
2026-04-25,ATL,PHI,5.0,8.0,-135.0,115.0,,,
2026-04-25,TEX,ATH,4.0,3.0,-125.0,105.0,,,
2026-04-25,MIL,PIT,3.0,6.0,-145.0,120.0,,,
2026-04-25,KCR,LAA,12.0,1.0,-136.0,115.0,,,
2026-04-26,TBR,MIN,4.0,2.0,-145.0,122.0,,,
2026-04-26,CHW,WSN,1.0,2.0,-120.0,100.0,,,
2026-04-26,BAL,BOS,3.0,5.0,-140.0,118.0,,,
2026-04-26,ATL,PHI,6.0,2.0,-219.0,180.0,,,
2026-04-26,TOR,CLE,4.0,2.0,-125.0,105.0,,,
2026-04-26,CIN,DET,3.0,8.0,-110.0,-110.0,,,
2026-04-26,NYM,COL,1.0,3.0,-268.0,216.0,,,
2026-04-26,NYM,COL,0.0,3.0,-205.0,169.0,,,
2026-04-26,STL,SEA,2.0,3.0,110.0,-130.0,,,
2026-04-26,TEX,ATH,1.0,2.0,-120.0,100.0,,,
2026-04-26,ARI,SDP,12.0,7.0,115.0,-135.0,,,
2026-04-26,SFG,MIA,6.0,3.0,-125.0,105.0,,,
2026-04-26,KCR,LAA,11.0,9.0,-115.0,-105.0,,,
2026-04-26,LAD,CHC,6.0,0.0,-120.0,100.0,,,
2026-04-26,HOU,NYY,7.0,4.0,114.0,-135.0,,,
2026-04-26,MIL,PIT,5.0,0.0,-120.0,100.0,,,
2026-04-27,CLE,TBR,2.0,3.0,-140.0,118.0,,,
2026-04-27,MIN,SEA,11.0,4.0,105.0,-124.0,,,
2026-04-27,TOR,BOS,0.0,5.0,-136.0,115.0,,,
2026-04-27,PIT,STL,2.0,4.0,-118.0,-102.0,,,
2026-04-27,TEX,NYY,2.0,4.0,140.0,-165.0,,,
2026-04-27,CHW,LAA,8.0,7.0,-118.0,-102.0,,,
2026-04-27,LAD,MIA,5.0,4.0,-300.0,240.0,,,
2026-04-27,SDP,CHC,9.0,7.0,-120.0,100.0,,,
2026-04-28,PIT,STL,7.0,11.0,-165.0,136.0,,,
2026-04-28,ATL,DET,5.0,2.0,-124.0,105.0,,,
2026-04-28,TOR,BOS,3.0,0.0,-115.0,-105.0,,,
2026-04-28,NYM,WSN,8.0,0.0,-180.0,150.0,,,
2026-04-28,CLE,TBR,0.0,1.0,-130.0,110.0,,,
2026-04-28,BAL,HOU,5.0,3.0,-136.0,115.0,,,
2026-04-28,CIN,COL,7.0,2.0,-195.0,160.0,,,
2026-04-28,MIL,ARI,13.0,2.0,-135.0,113.0,,,
2026-04-28,TEX,NYY,2.0,3.0,100.0,-120.0,,,
2026-04-28,ATH,KCR,1.0,4.0,-110.0,-110.0,,,
2026-04-28,SDP,CHC,3.0,8.0,100.0,-120.0,,,
2026-04-28,LAD,MIA,1.0,2.0,-278.0,224.0,,,
2026-04-28,MIN,SEA,1.0,7.0,110.0,-130.0,,,
2026-04-28,CHW,LAA,5.0,2.0,110.0,-130.0,,,
2026-04-28,PHI,SFG,7.0,0.0,-160.0,135.0,,,
2026-04-29,TOR,BOS,8.0,1.0,-115.0,-105.0,,,
2026-04-29,MIN,SEA,3.0,5.0,115.0,-135.0,,,
2026-04-29,SDP,CHC,4.0,5.0,-115.0,-105.0,,,
2026-04-29,CLE,TBR,3.0,1.0,-115.0,-104.0,,,
2026-04-29,TEX,NYY,3.0,0.0,-105.0,-115.0,,,
2026-04-29,NYM,WSN,2.0,14.0,-160.0,135.0,,,
2026-04-29,CHW,LAA,3.0,2.0,100.0,-118.0,,,
2026-04-29,PIT,STL,4.0,5.0,-130.0,110.0,,,
2026-04-29,CIN,COL,2.0,13.0,-152.0,128.0,,,
2026-04-29,ATL,DET,4.0,3.0,120.0,-142.0,,,
2026-04-29,ATH,KCR,5.0,2.0,-120.0,100.0,,,
2026-04-29,MIL,ARI,2.0,6.0,-130.0,110.0,,,
2026-04-29,LAD,MIA,2.0,3.0,-245.0,199.0,,,
2026-04-30,NYM,WSN,4.0,5.0,-186.0,155.0,,,
2026-04-30,PIT,STL,5.0,10.0,-245.0,200.0,,,
2026-04-30,PHI,SFG,6.0,5.0,-155.0,129.0,,,
2026-04-30,ATL,DET,2.0,5.0,-125.0,105.0,,,
2026-04-30,BAL,HOU,10.0,3.0,-132.0,112.0,,,
2026-04-30,BAL,HOU,5.0,11.0,-145.0,122.0,,,
2026-04-30,ATH,KCR,6.0,3.0,-125.0,104.0,,,
2026-04-30,MIN,TOR,7.0,1.0,114.0,-134.0,,,
2026-04-30,CIN,COL,6.0,4.0,-165.0,138.0,,,
2026-04-30,PHI,SFG,3.0,2.0,-140.0,118.0,,,
2026-04-30,MIL,ARI,13.0,1.0,-130.0,110.0,,,
2026-05-01,MIA,PHI,5.0,6.0,100.0,-120.0,,,
2026-05-01,CHC,ARI,6.0,5.0,-152.0,128.0,,,
2026-05-01,DET,TEX,4.0,5.0,-115.0,-105.0,,,
2026-05-01,WSN,MIL,1.0,6.0,132.0,-156.0,,,
2026-05-01,NYY,BAL,7.0,2.0,-186.0,155.0,,,
2026-05-01,BOS,HOU,3.0,1.0,-125.0,105.0,,,
2026-05-01,TBR,SFG,3.0,0.0,-145.0,122.0,,,
2026-05-01,PIT,CIN,9.0,1.0,-135.0,115.0,,,
2026-05-01,MIN,TOR,3.0,7.0,-110.0,-110.0,,,
2026-05-01,SEA,KCR,6.0,7.0,-148.0,123.0,,,
2026-05-01,SDP,CHW,2.0,8.0,-150.0,125.0,,,
2026-05-01,ATH,CLE,5.0,8.0,-105.0,-115.0,,,
2026-05-01,STL,LAD,7.0,2.0,150.0,-178.0,,,
2026-05-01,LAA,NYM,3.0,4.0,105.0,-125.0,,,
2026-05-01,COL,ATL,6.0,8.0,155.0,-186.0,,,
2026-05-02,COL,ATL,1.0,9.0,180.0,-220.0,,,
2026-05-02,BOS,HOU,3.0,6.0,-140.0,118.0,,,
2026-05-02,NYY,BAL,9.0,4.0,-171.0,144.0,,,
2026-05-02,MIN,TOR,4.0,11.0,119.0,-140.0,,,
2026-05-02,CHC,ARI,2.0,0.0,-168.0,139.0,,,
2026-05-02,PIT,CIN,17.0,7.0,-140.0,118.0,,,
2026-05-02,WSN,MIL,1.0,4.0,110.0,-130.0,,,
2026-05-02,SDP,CHW,0.0,4.0,-180.0,150.0,,,
2026-05-02,MIA,PHI,4.0,0.0,-132.0,112.0,,,
2026-05-02,DET,TEX,5.0,1.0,-135.0,113.0,,,
2026-05-02,LAA,NYM,4.0,3.0,100.0,-120.0,,,
2026-05-02,SEA,KCR,2.0,3.0,-140.0,119.0,,,
2026-05-02,STL,LAD,3.0,2.0,110.0,-130.0,,,
2026-05-02,TBR,SFG,5.0,1.0,-105.0,-115.0,,,
2026-05-02,ATH,CLE,6.0,14.0,-138.0,115.0,,,
2026-05-03,NYY,BAL,11.0,3.0,-295.0,238.0,,,
2026-05-03,TBR,SFG,2.0,1.0,-120.0,102.0,,,
2026-05-03,WSN,MIL,3.0,2.0,125.0,-150.0,,,
2026-05-03,STL,LAD,1.0,4.0,119.0,-140.0,,,
2026-05-03,DET,TEX,7.0,1.0,-120.0,100.0,,,
2026-05-03,BOS,HOU,1.0,3.0,-180.0,150.0,,,
2026-05-03,MIA,PHI,2.0,7.0,120.0,-142.0,,,
2026-05-03,LAA,NYM,1.0,5.0,113.0,-135.0,,,
2026-05-03,CHC,ARI,8.0,4.0,-155.0,129.0,,,
2026-05-03,SDP,CHW,4.0,3.0,-170.0,141.0,,,
2026-05-03,MIN,TOR,4.0,3.0,-110.0,-108.0,,,
2026-05-03,COL,ATL,6.0,11.0,119.0,-140.0,,,
2026-05-03,ATH,CLE,7.0,1.0,105.0,-126.0,,,
2026-05-03,SEA,KCR,1.0,4.0,-115.0,-105.0,,,
2026-05-03,PIT,CIN,1.0,0.0,-125.0,105.0,,,
2026-05-04,CHC,CIN,5.0,4.0,-220.0,180.0,,,
2026-05-04,COL,NYM,2.0,4.0,122.0,-145.0,,,
2026-05-04,DET,BOS,4.0,5.0,105.0,-125.0,,,
2026-05-04,TBR,TOR,5.0,1.0,-130.0,109.0,,,
2026-05-04,MIA,PHI,0.0,1.0,-110.0,-110.0,,,
2026-05-04,NYY,BAL,12.0,1.0,-232.0,189.0,,,
2026-05-04,STL,MIL,6.0,3.0,105.0,-125.0,,,
2026-05-04,KCR,CLE,6.0,2.0,-115.0,-105.0,,,
2026-05-04,HOU,LAD,3.0,8.0,168.0,-200.0,,,
2026-05-04,LAA,CHW,0.0,6.0,-154.0,130.0,,,
2026-05-04,SEA,ATL,5.0,4.0,-140.0,118.0,,,
2026-05-04,SFG,SDP,3.0,2.0,110.0,-130.0,,,
2026-05-05,HOU,LAD,2.0,1.0,180.0,-220.0,,,
2026-05-05,CHC,CIN,3.0,2.0,-166.0,140.0,,,
2026-05-05,TBR,TOR,4.0,3.0,-125.0,105.0,,,
2026-05-05,MIA,BAL,7.0,9.0,-144.0,122.0,,,
2026-05-05,WSN,MIN,3.0,11.0,-102.0,-118.0,,,
2026-05-05,NYY,TEX,7.0,4.0,-135.0,114.0,,,
2026-05-05,PHI,ATH,9.0,1.0,-219.0,180.0,,,
2026-05-05,KCR,CLE,5.0,3.0,-105.0,-115.0,,,
2026-05-05,LAA,CHW,4.0,3.0,-115.0,-105.0,,,
2026-05-05,SFG,SDP,5.0,10.0,-145.0,122.0,,,
2026-05-05,ARI,PIT,9.0,0.0,-130.0,110.0,,,
2026-05-05,SEA,ATL,2.0,3.0,-130.0,110.0,,,
2026-05-05,DET,BOS,3.0,10.0,-150.0,126.0,,,
2026-05-06,LAA,CHW,8.0,2.0,-105.0,-115.0,,,
2026-05-06,SEA,ATL,3.0,1.0,-135.0,115.0,,,
2026-05-06,TBR,TOR,3.0,0.0,-140.0,120.0,,,
2026-05-06,STL,MIL,2.0,6.0,-110.0,-110.0,,,
2026-05-06,HOU,LAD,2.0,12.0,180.0,-220.0,,,
2026-05-06,SFG,SDP,1.0,5.0,-118.0,-102.0,,,
2026-05-06,WSN,MIN,15.0,2.0,100.0,-120.0,,,
2026-05-06,DET,BOS,0.0,4.0,-110.0,-110.0,,,
2026-05-06,CHC,CIN,7.0,6.0,-169.0,140.0,,,
2026-05-06,KCR,CLE,1.0,3.0,-140.0,117.0,,,
2026-05-06,COL,NYM,5.0,10.0,140.0,-170.0,,,
2026-05-06,ARI,PIT,0.0,1.0,105.0,-125.0,,,
2026-05-06,MIA,BAL,4.0,7.0,-130.0,110.0,,,
2026-05-06,NYY,TEX,1.0,6.0,-170.0,143.0,,,
2026-05-06,PHI,ATH,6.0,3.0,-165.0,140.0,,,
2026-05-07,NYY,TEX,9.0,2.0,-150.0,125.0,,,
2026-05-07,WSN,MIN,7.0,5.0,-125.0,105.0,,,
2026-05-07,KCR,CLE,5.0,8.0,-130.0,110.0,,,
2026-05-07,CHC,CIN,8.0,3.0,-200.0,165.0,,,
2026-05-07,COL,NYM,6.0,2.0,118.0,-140.0,,,
2026-05-07,ARI,PIT,2.0,4.0,-115.0,-105.0,,,
2026-05-07,PHI,ATH,1.0,12.0,-130.0,110.0,,,
2026-05-07,MIA,BAL,4.0,3.0,-125.0,105.0,,,
2026-05-07,BOS,TBR,4.0,8.0,-115.0,-105.0,,,
2026-05-07,SDP,STL,1.0,2.0,-165.0,140.0,,,
2026-05-08,CIN,HOU,0.0,10.0,-130.0,109.0,,,
2026-05-08,BAL,ATH,3.0,4.0,-130.0,110.0,,,
2026-05-08,TOR,LAA,2.0,0.0,-160.0,135.0,,,
2026-05-08,BOS,TBR,2.0,0.0,-132.0,112.0,,,
2026-05-08,PHI,COL,7.0,9.0,-230.0,189.0,,,
2026-05-08,CLE,MIN,6.0,4.0,-149.0,124.0,,,
2026-05-08,TEX,CHC,1.0,7.0,110.0,-130.0,,,
2026-05-08,KCR,DET,4.0,3.0,-145.0,122.0,,,
2026-05-08,MIL,NYY,6.0,0.0,104.0,-122.0,,,
2026-05-08,CHW,SEA,8.0,12.0,115.0,-138.0,,,
2026-05-08,ARI,NYM,1.0,3.0,105.0,-125.0,,,
2026-05-08,SDP,STL,0.0,6.0,-145.0,122.0,,,
2026-05-08,SFG,PIT,5.0,2.0,-115.0,-105.0,,,
2026-05-08,LAD,ATL,3.0,1.0,-110.0,-110.0,,,
2026-05-08,MIA,WSN,2.0,3.0,-140.0,118.0,,,
2026-05-09,PHI,COL,9.0,3.0,-185.0,155.0,,,
2026-05-09,TEX,CHC,6.0,0.0,110.0,-130.0,,,
2026-05-09,TOR,LAA,14.0,1.0,-185.0,154.0,,,
2026-05-09,BAL,ATH,2.0,6.0,-120.0,100.0,,,
2026-05-09,CIN,HOU,3.0,1.0,-162.0,135.0,,,
2026-05-09,MIA,WSN,8.0,7.0,-163.0,135.0,,,
2026-05-09,CLE,MIN,1.0,2.0,-120.0,100.0,,,
2026-05-09,LAD,ATL,2.0,7.0,-186.0,155.0,,,
2026-05-09,ARI,NYM,2.0,1.0,-110.0,-110.0,,,
2026-05-09,SDP,STL,4.0,2.0,-140.0,119.0,,,
2026-05-09,SFG,PIT,3.0,13.0,-110.0,-110.0,,,
2026-05-09,CHW,SEA,6.0,1.0,110.0,-130.0,,,
2026-05-09,KCR,DET,5.0,1.0,-135.0,115.0,,,
2026-05-09,MIL,NYY,4.0,3.0,114.0,-135.0,,,
2026-05-10,MIA,WSN,5.0,2.0,-130.0,110.0,,,
2026-05-10,CLE,MIN,4.0,5.0,-160.0,135.0,,,
2026-05-10,BOS,TBR,1.0,4.0,,,,,
2026-05-10,TOR,LAA,1.0,6.0,-115.0,-104.0,,,
2026-05-10,PHI,COL,6.0,0.0,-314.0,250.0,,,
2026-05-10,CIN,HOU,5.0,0.0,-110.0,-110.0,,,
2026-05-10,ARI,NYM,5.0,1.0,-115.0,-105.0,,,
2026-05-10,CHW,SEA,2.0,1.0,117.0,-140.0,,,
2026-05-10,TEX,CHC,3.0,0.0,-122.0,102.0,,,
2026-05-10,MIL,NYY,4.0,3.0,-120.0,100.0,,,
2026-05-10,SDP,STL,3.0,2.0,-130.0,110.0,,,
2026-05-10,LAD,ATL,2.0,7.0,-140.0,119.0,,,
2026-05-10,KCR,DET,3.0,6.0,-130.0,109.0,,,
2026-05-10,SFG,PIT,7.0,6.0,-125.0,105.0,,,
2026-05-10,BAL,ATH,2.0,1.0,-115.0,-105.0,,,
2026-05-11,LAD,SFG,3.0,9.0,-190.0,157.0,,,
2026-05-11,HOU,SEA,1.0,3.0,130.0,-155.0,,,
2026-05-11,TEX,ARI,0.0,1.0,-130.0,110.0,,,
2026-05-11,TOR,TBR,5.0,8.0,-120.0,100.0,,,
2026-05-11,BAL,NYY,3.0,2.0,130.0,-155.0,,,
2026-05-11,CLE,LAA,7.0,2.0,-170.0,144.0,,,
2026-05-12,HOU,SEA,2.0,10.0,168.0,-200.0,,,
2026-05-12,NYM,DET,10.0,2.0,-145.0,122.0,,,
2026-05-12,CLE,LAA,3.0,2.0,-136.0,115.0,,,
2026-05-12,BAL,NYY,2.0,6.0,118.0,-138.0,,,
2026-05-12,BOS,PHI,1.0,2.0,115.0,-136.0,,,
2026-05-12,TOR,TBR,6.0,7.0,-102.0,-118.0,,,
2026-05-12,MIL,SDP,6.0,4.0,-150.0,125.0,,,
2026-05-12,CIN,WSN,4.0,10.0,-140.0,120.0,,,
2026-05-12,CHW,KCR,6.0,5.0,-105.0,-115.0,,,
2026-05-12,MIN,MIA,3.0,0.0,-110.0,-110.0,,,
2026-05-12,TEX,ARI,7.0,4.0,-125.0,105.0,,,
2026-05-12,LAD,SFG,2.0,6.0,-340.0,268.0,,,
2026-05-12,ATH,STL,4.0,6.0,-165.0,135.0,,,
2026-05-12,ATL,CHC,5.0,2.0,-122.0,104.0,,,
2026-05-12,PIT,COL,3.0,1.0,-291.0,235.0,,,
2026-05-13,CHW,KCR,6.0,5.0,-105.0,-115.0,,,
2026-05-13,ATL,CHC,4.0,1.0,115.0,-135.0,,,
2026-05-13,BAL,NYY,7.0,0.0,140.0,-165.0,,,
2026-05-13,CLE,LAA,4.0,2.0,-158.0,132.0,,,
2026-05-13,CIN,WSN,7.0,8.0,-180.0,150.0,,,
2026-05-13,PIT,COL,4.0,10.0,-186.0,155.0,,,
2026-05-13,BOS,PHI,3.0,1.0,-131.0,110.0,,,
2026-05-13,MIN,MIA,5.0,9.0,110.0,-130.0,,,
2026-05-13,MIL,SDP,1.0,3.0,-165.0,139.0,,,
2026-05-13,TEX,ARI,6.0,5.0,-105.0,-115.0,,,
2026-05-13,HOU,SEA,4.0,3.0,118.0,-140.0,,,
2026-05-13,ATH,STL,6.0,2.0,-140.0,119.0,,,
2026-05-13,LAD,SFG,4.0,0.0,-260.0,210.0,,,
2026-05-13,NYM,DET,3.0,2.0,-125.0,105.0,,,
2026-05-13,TOR,TBR,5.0,3.0,-150.0,125.0,,,
2026-05-14,HOU,SEA,3.0,8.0,-105.0,-115.0,,,
2026-05-14,MIL,SDP,7.0,1.0,-142.0,120.0,,,
2026-05-14,CIN,WSN,15.0,1.0,-155.0,130.0,,,
2026-05-14,PIT,COL,7.0,2.0,-170.0,145.0,,,
2026-05-14,ATH,STL,4.0,5.0,-125.0,105.0,,,
2026-05-14,MIN,MIA,9.0,1.0,-105.0,-115.0,,,
2026-05-14,ATL,CHC,0.0,2.0,-200.0,166.0,,,
2026-05-14,CHW,KCR,6.0,2.0,110.0,-130.0,,,
2026-05-14,LAD,SFG,5.0,2.0,-180.0,150.0,,,
2026-05-14,BOS,PHI,1.0,3.0,-123.0,100.0,,,
2026-05-14,NYM,DET,9.0,4.0,-160.0,135.0,,,
2026-05-15,MIN,MIL,2.0,3.0,-110.0,-109.0,,,
2026-05-15,CHW,CHC,5.0,10.0,105.0,-125.0,,,
2026-05-15,ATL,BOS,3.0,2.0,-150.0,125.0,,,
2026-05-15,PIT,PHI,9.0,11.0,-135.0,115.0,,,
2026-05-15,WSN,BAL,3.0,2.0,118.0,-140.0,,,
2026-05-15,DET,TOR,3.0,2.0,105.0,-125.0,,,
2026-05-15,NYM,NYY,2.0,5.0,125.0,-150.0,,,
2026-05-15,CLE,CIN,6.0,7.0,-140.0,118.0,,,
2026-05-15,HOU,TEX,2.0,0.0,-105.0,-115.0,,,
2026-05-15,COL,ARI,1.0,9.0,100.0,-120.0,,,
2026-05-15,LAA,LAD,0.0,6.0,158.0,-190.0,,,
2026-05-15,SEA,SDP,0.0,2.0,-135.0,114.0,,,
2026-05-15,ATH,SFG,5.0,2.0,-135.0,113.0,,,
2026-05-15,STL,KCR,5.0,4.0,-105.0,-115.0,,,
2026-05-15,TBR,MIA,7.0,2.0,-120.0,102.0,,,
2026-05-16,CHW,CHC,8.0,3.0,-110.0,-110.0,,,
2026-05-16,HOU,TEX,4.0,1.0,128.0,-155.0,,,
2026-05-16,STL,KCR,4.0,2.0,-110.0,-110.0,,,
2026-05-16,WSN,BAL,13.0,3.0,-108.0,-110.0,,,
2026-05-16,PIT,PHI,0.0,6.0,144.0,-171.0,,,
2026-05-16,TBR,MIA,5.0,10.0,-135.0,115.0,,,
2026-05-16,MIN,MIL,1.0,2.0,110.0,-130.0,,,
2026-05-16,CLE,CIN,7.0,4.0,-151.0,126.0,,,
2026-05-16,ATH,SFG,4.0,6.0,-135.0,115.0,,,
2026-05-16,COL,ARI,4.0,2.0,120.0,-142.0,,,
2026-05-16,ATL,BOS,2.0,3.0,-120.0,100.0,,,
2026-05-16,SEA,SDP,4.0,7.0,-175.0,145.0,,,
2026-05-16,NYM,NYY,6.0,3.0,105.0,-125.0,,,
2026-05-16,LAA,LAD,2.0,15.0,115.0,-135.0,,,
2026-05-16,DET,TOR,1.0,2.0,-115.0,-105.0,,,
2026-05-17,DET,TOR,1.0,4.0,-105.0,-115.0,,,
2026-05-17,NYM,NYY,7.0,6.0,-126.0,105.0,,,
2026-05-17,TBR,MIA,6.0,3.0,-150.0,125.0,,,
2026-05-17,WSN,BAL,3.0,7.0,100.0,-120.0,,,
2026-05-17,PIT,PHI,0.0,6.0,-130.0,110.0,,,
2026-05-17,ATL,BOS,8.0,1.0,-146.0,124.0,,,
2026-05-17,CLE,CIN,10.0,3.0,-161.0,135.0,,,
2026-05-17,HOU,TEX,0.0,8.0,105.0,-125.0,,,
2026-05-17,STL,KCR,0.0,2.0,-120.0,100.0,,,
2026-05-17,COL,ARI,6.0,8.0,122.0,-145.0,,,
2026-05-17,ATH,SFG,1.0,10.0,-149.0,124.0,,,
2026-05-17,LAA,LAD,1.0,10.0,122.0,-145.0,,,
2026-05-17,CHW,CHC,9.0,8.0,110.0,-132.0,,,
2026-05-17,SEA,SDP,3.0,8.0,-154.0,129.0,,,
2026-05-17,MIN,MIL,5.0,4.0,116.0,-140.0,,,
2026-05-18,DET,CLE,2.0,8.0,-150.0,125.0,,,
2026-05-18,MIA,ATL,12.0,0.0,-115.0,-105.0,,,
2026-05-18,KCR,BOS,1.0,3.0,-105.0,-115.0,,,
2026-05-18,TBR,BAL,16.0,6.0,-140.0,118.0,,,
2026-05-18,NYY,TOR,7.0,6.0,-170.0,140.0,,,
2026-05-18,PHI,CIN,5.0,4.0,-125.0,105.0,,,
2026-05-18,WSN,NYM,7.0,16.0,105.0,-125.0,,,
2026-05-18,SEA,CHW,6.0,1.0,-162.0,135.0,,,
2026-05-18,SDP,LAD,1.0,0.0,122.0,-145.0,,,
2026-05-18,CHC,MIL,3.0,9.0,-162.0,135.0,,,
2026-05-18,LAA,ATH,2.0,1.0,110.0,-130.0,,,
2026-05-18,COL,TEX,7.0,6.0,115.0,-138.0,,,
2026-05-18,ARI,SFG,12.0,2.0,-135.0,115.0,,,
2026-05-18,MIN,HOU,6.0,3.0,-115.0,-105.0,,,
2026-05-19,MIA,ATL,4.0,8.0,118.0,-140.0,,,
2026-05-19,MIN,HOU,1.0,2.0,-135.0,115.0,,,
2026-05-19,DET,CLE,3.0,4.0,135.0,-160.0,,,
2026-05-19,TBR,BAL,4.0,1.0,-115.0,-105.0,,,
2026-05-19,PHI,CIN,1.0,4.0,-140.0,120.0,,,
2026-05-19,KCR,BOS,1.0,7.0,114.0,-135.0,,,
2026-05-19,COL,TEX,0.0,10.0,-110.0,-110.0,,,
2026-05-19,WSN,NYM,9.0,6.0,120.0,-142.0,,,
2026-05-19,STL,PIT,9.0,6.0,-115.0,-105.0,,,
2026-05-19,LAA,ATH,6.0,14.0,-140.0,118.0,,,
2026-05-19,SDP,LAD,4.0,5.0,143.0,-170.0,,,
2026-05-19,ARI,SFG,5.0,3.0,-125.0,105.0,,,
2026-05-19,SEA,CHW,1.0,2.0,-137.0,115.0,,,
2026-05-19,CHC,MIL,2.0,5.0,100.0,-120.0,,,
2026-05-19,NYY,TOR,5.0,4.0,-130.0,110.0,,,
2026-05-20,TBR,BAL,5.0,3.0,-120.0,100.0,,,
2026-05-20,COL,TEX,4.0,5.0,105.0,-125.0,,,
2026-05-20,MIN,HOU,4.0,1.0,-136.0,116.0,,,
2026-05-20,PHI,CIN,4.0,9.0,-152.0,128.0,,,
2026-05-20,DET,CLE,2.0,3.0,100.0,-120.0,,,
2026-05-20,LAA,ATH,5.0,6.0,110.0,-130.0,,,
2026-05-20,SEA,CHW,5.0,4.0,-145.0,122.0,,,
2026-05-20,NYY,TOR,1.0,2.0,-174.0,145.0,,,
2026-05-20,MIA,ATL,1.0,9.0,155.0,-185.0,,,
2026-05-20,ARI,SFG,6.0,3.0,-112.0,-107.0,,,
2026-05-20,STL,PIT,0.0,7.0,-120.0,100.0,,,
2026-05-20,KCR,BOS,3.0,4.0,-115.0,-105.0,,,
2026-05-20,SDP,LAD,0.0,4.0,164.0,-198.0,,,
2026-05-20,WSN,NYM,8.0,4.0,105.0,-125.0,,,
2026-05-20,CHC,MIL,0.0,5.0,-110.0,-110.0,,,
2026-05-21,ARI,COL,2.0,1.0,-230.0,176.0,,,
2026-05-21,LAA,ATH,2.0,3.0,-116.0,-102.0,,,
2026-05-21,DET,CLE,1.0,3.0,-126.0,108.0,,,
2026-05-21,MIA,ATL,3.0,9.0,116.0,-136.0,,,
2026-05-21,WSN,NYM,1.0,2.0,-106.0,-110.0,,,
2026-05-21,NYY,TOR,0.0,2.0,-144.0,122.0,,,
2026-05-21,STL,PIT,2.0,6.0,104.0,-122.0,,,
2026-05-22,NYY,TBR,2.0,4.0,-148.0,126.0,,,
2026-05-22,BOS,MIN,6.0,8.0,-148.0,126.0,,,
2026-05-22,MIA,NYM,2.0,1.0,-112.0,-104.0,,,
2026-05-22,BAL,DET,7.0,4.0,-132.0,112.0,,,
2026-05-22,CHC,HOU,2.0,4.0,-148.0,123.0,,,
2026-05-22,PHI,CLE,0.0,1.0,-178.0,150.0,,,
2026-05-22,TOR,PIT,6.0,2.0,-162.0,136.0,,,
2026-05-22,LAA,TEX,9.0,6.0,136.0,-162.0,,,
2026-05-22,ARI,COL,2.0,3.0,-235.0,192.0,,,
2026-05-22,SDP,ATH,7.0,3.0,-124.0,105.0,,,
2026-05-22,KCR,SEA,0.0,2.0,100.0,-118.0,,,
2026-05-22,ATL,WSN,5.0,4.0,-196.0,164.0,,,
2026-05-22,SFG,CHW,4.0,9.0,100.0,-120.0,,,
2026-05-22,MIL,LAD,5.0,1.0,-108.0,-108.0,,,
2026-05-23,KCR,SEA,5.0,0.0,106.0,-124.0,,,
2026-05-23,SFG,CHW,10.0,3.0,-108.0,-108.0,,,
2026-05-23,CIN,STL,1.0,8.0,-106.0,-110.0,,,
2026-05-23,CIN,STL,7.0,6.0,-106.0,-110.0,,,
2026-05-23,CHC,HOU,0.0,3.0,-148.0,126.0,,,
2026-05-23,TOR,PIT,5.0,2.0,122.0,-144.0,,,
2026-05-23,PHI,CLE,3.0,0.0,-174.0,146.0,,,
2026-05-23,MIA,NYM,4.0,1.0,-112.0,-104.0,,,
2026-05-23,MIL,LAD,3.0,11.0,-102.0,-116.0,,,
2026-05-23,SDP,ATH,2.0,0.0,108.0,-126.0,,,
2026-05-23,LAA,TEX,5.0,2.0,118.0,-138.0,,,
2026-05-23,ARI,COL,5.0,4.0,-188.0,158.0,,,
2026-05-23,BOS,MIN,2.0,4.0,-124.0,106.0,,,
2026-05-23,ATL,WSN,0.0,2.0,-172.0,144.0,,,
2026-05-24,PHI,CLE,1.0,3.0,-102.0,-116.0,,,
2026-05-24,BOS,MIN,5.0,6.0,-174.0,146.0,,,
2026-05-24,MIA,NYM,4.0,0.0,-130.0,110.0,,,
2026-05-24,TOR,PIT,1.0,4.0,-174.0,146.0,,,
2026-05-24,BAL,DET,5.0,3.0,-126.0,108.0,,,
2026-05-24,CHC,HOU,5.0,8.0,-178.0,150.0,,,
2026-05-24,LAA,TEX,2.0,1.0,-127.0,106.0,,,
2026-05-24,BAL,DET,1.0,4.0,-126.0,108.0,,,
2026-05-24,SDP,ATH,2.0,5.0,-178.0,150.0,,,
2026-05-24,MIL,LAD,1.0,5.0,126.0,-148.0,,,
2026-05-24,ARI,COL,9.0,1.0,-198.0,166.0,,,
2026-05-24,CIN,STL,,,-122.0,102.0,,,
2026-05-24,SFG,CHW,8.0,5.0,-124.0,106.0,,,
2026-05-24,KCR,SEA,8.0,6.0,108.0,-126.0,,,
2026-05-24,NYY,TBR,2.0,0.0,-144.0,122.0,,,
2026-05-24,ATL,WSN,1.0,2.0,-152.0,128.0,,,
2026-05-25,MIL,STL,,,-220.0,184.0,,,
2026-05-25,ATH,SEA,,,-102.0,-117.0,,,
2026-05-25,BAL,TBR,,,-106.0,-110.0,,,
2026-05-25,PIT,CHC,,,106.0,-124.0,,,
2026-05-25,KCR,NYY,,,112.0,-132.0,,,
2026-05-25,CHW,MIN,,,-106.0,-110.0,,,
2026-05-25,SDP,PHI,,,108.0,-129.0,,,
2026-05-25,CLE,WSN,,,-161.0,135.0,,,
2026-05-25,TEX,HOU,,,-125.0,104.0,,,
2026-05-25,TOR,MIA,,,-162.0,134.0,,,
2026-05-25,LAD,COL,,,253.0,-320.0,,,
2026-05-25,NYM,CIN,,,113.0,-136.0,,,
2026-05-25,SFG,ARI,,,-135.0,115.0,,,
2026-05-25,NYM,MIA,2.0,7.0,-168.0,138.0,,,
