roi,win_rate,n_bets,threshold,w_comb_k_pct,seed
-0.2285073407318092,0.5211864406779662,236,2.944926654927829,1.0,24331
-0.2285073407318092,0.5211864406779662,236,2.9484399867427293,1.0,24331
-0.32635054247757844,0.522633744855967,243,2.920820300227757,1.0,24331
-0.32635054247757844,0.522633744855967,243,2.924900488118896,1.0,24331
-0.32635054247757844,0.522633744855967,243,2.9269357842124677,1.0,24331
-0.32635054247757844,0.522633744855967,243,2.9318106161152557,1.0,24331
-0.32635054247757844,0.522633744855967,243,2.920165393285027,1.0,24331
-0.32635054247757844,0.522633744855967,243,2.9209435692940566,1.0,24331
-0.34648196846077445,0.5206611570247934,242,2.935547321654824,1.0,24331
-0.34648196846077445,0.5206611570247934,242,2.93556605100391,1.0,24331
-0.7348491058280802,0.5204918032786885,244,2.918229367903469,1.0,24331
-1.0804018393017552,0.518796992481203,266,2.8771092035691397,1.0,24331
-1.1400129870287818,0.5183673469387755,245,2.917657061296545,1.0,24331
-1.234836438825215,0.5180722891566265,249,2.909775413484513,1.0,24331
-1.2805827432090773,0.5152838427947598,229,2.961844077434919,1.0,24331
-1.4116351089495258,0.5171102661596958,263,2.8809999051313877,1.0,24331
-1.4116351089495258,0.5171102661596958,263,2.8825335087562647,1.0,24331
-1.4596955260060018,0.5138888888888888,216,2.984834166549671,1.0,24331
-1.5878221735785019,0.5133928571428571,224,2.974245755673104,1.0,24331
-1.5966526148738687,0.5161290322580645,248,2.911819006383718,1.0,24331
-1.5988165674339587,0.5132743362831859,226,2.9724551138269604,1.0,24331
-1.6298970930699141,0.516,250,2.906945468090701,1.0,24331
-1.7682908033652263,0.5153846153846153,260,2.893230211167204,1.0,24331
-2.032301957004734,0.5110132158590308,227,2.9660914172748485,1.0,24331
-2.2040472293880975,0.5129151291512916,271,2.868080841919454,1.0,24331
-2.3636438950136576,0.5150905432595574,497,2.5384855227698018,1.0,24331
-2.3636438950136576,0.5150905432595574,497,2.5377483343992617,1.0,24331
-2.5635911733977004,0.5110294117647058,272,2.8652204214559904,1.0,24331
-2.6959396589181206,0.513184584178499,493,2.5477316848498965,1.0,24331
-2.7292388926194615,0.5131313131313131,495,2.5419188807266395,1.0,24331
-2.7549719755947653,0.5130260521042084,499,2.5358049906720783,1.0,24331
-2.915159806628765,0.5089605734767025,279,2.848808022104473,1.0,24331
-2.915159806628765,0.5089605734767025,279,2.850334159010157,1.0,24331
-3.1454044199387603,0.510934393638171,503,2.532472069030659,1.0,24331
-3.1887669621664414,0.5080906148867314,309,2.8063144965117277,1.0,24331
-3.1887669621664414,0.5080906148867314,309,2.8058900957998403,1.0,24331
-3.2618913787479475,0.5071428571428571,280,2.84467517749051,1.0,24331
-3.287949651465526,0.5116564417177915,815,2.1847210537364345,1.0,24331
-3.323329741761326,0.511543134872418,823,2.1766801020564976,1.0,24331
-3.4074698963031573,0.5108005082592122,787,2.2032535259762236,1.0,24331
-3.4101140197767172,0.5110565110565111,814,2.1852215622709434,1.0,24331
-3.4560298842981627,0.5075987841945289,329,2.769994088733229,1.0,24331
-3.4722493464908784,0.5075528700906344,331,2.767531949045831,1.0,24331
-3.474823343695162,0.5074626865671642,335,2.7612985821327234,1.0,24331
-3.501061262288485,0.5064516129032258,310,2.8044748691582844,1.0,24331
-3.5201522574859765,0.5099540581929556,653,2.344178544165647,1.0,24331
-3.5360062460312633,0.5088062622309197,511,2.521038917195153,1.0,24331
-3.552387771627413,0.5098634294385432,659,2.3379999153929316,1.0,24331
-3.606155110496176,0.505338078291815,281,2.843252843054925,1.0,24331
-3.614488874349563,0.5094890510948905,685,2.3114921505837165,1.0,24331
-3.614488874349563,0.5094890510948905,685,2.3119351901015257,1.0,24331
-3.6162589152370876,0.5099009900990099,808,2.1903054942453144,1.0,24331
-3.620120885276732,0.5097765363128491,716,2.274150133137116,1.0,24331
-3.6266774137137996,0.5082304526748971,486,2.556434169027582,1.0,24331
-3.6392537164073766,0.5094614264919942,687,2.3022757421354343,1.0,24331
-3.6392537164073766,0.5094614264919942,687,2.3059419270386936,1.0,24331
-3.6392537164073766,0.5094614264919942,687,2.3075314533866083,1.0,24331
-3.688218428604987,0.5092989985693849,699,2.2887372481724046,1.0,24331
-3.699456375011454,0.5092724679029957,701,2.2868650152658283,1.0,24331
-3.702250903538012,0.5096700796359499,879,2.1360136112341985,1.0,24331
-3.7047889655504873,0.5089020771513353,674,2.3240719768927813,1.0,24331
-3.7368320992942636,0.5085803432137286,641,2.358667230272868,1.0,24331
-3.7368320992942636,0.5085803432137286,641,2.3580792863991826,1.0,24331
-3.740854425785694,0.5088235294117647,680,2.3193180549550214,1.0,24331
-3.742346027993462,0.5077821011673151,514,2.5156764532814804,1.0,24331
-3.785031489783517,0.508695652173913,690,2.296317917473729,1.0,24331
-3.8116801638749003,0.509090909090909,880,2.135545014055027,1.0,24331
-3.828069243880173,0.5047619047619047,315,2.7946688479094655,1.0,24331
-3.828069243880173,0.5047619047619047,315,2.794909715113919,1.0,24331
-3.8316325914605702,0.5089485458612976,894,2.1255752730842854,1.0,24331
-3.8768253069211855,0.5086393088552916,926,2.105242377425955,1.0,24331
-3.8867747284230885,0.5077881619937694,642,2.357396823425291,1.0,24331
-3.8932868456585563,0.5085714285714286,875,2.138851218982892,1.0,24331
-3.9185871690716656,0.5084134615384616,832,2.172259158355215,1.0,24331
-3.9208610036434868,0.5085130533484676,881,2.13369879586309,1.0,24331
-3.921385640280207,0.5083426028921023,899,2.120307966386153,1.0,24331
-3.921385640280207,0.5083426028921023,899,2.120595696925653,1.0,24331
-3.921385640280207,0.5083426028921023,899,2.119843872431443,1.0,24331
-3.929254093958524,0.5067961165048543,515,2.514599187168919,1.0,24331
-3.9304861438858683,0.5079136690647482,695,2.2911721499456883,1.0,24331
-3.9304861438858683,0.5079136690647482,695,2.291842560643417,1.0,24331
-3.9304861438858683,0.5079136690647482,695,2.2943503175494153,1.0,24331
-3.9304861438858683,0.5079136690647482,695,2.2942097695473196,1.0,24331
-3.9345180530968435,0.5045871559633027,327,2.776316206319173,1.0,24331
-3.9390832813025134,0.5083798882681564,895,2.1225975921065787,1.0,24331
-3.9390832813025134,0.5083798882681564,895,2.1234244324065603,1.0,24331
-3.943601521406312,0.5066666666666667,525,2.4902486186771196,1.0,24331
-3.970143830622986,0.5066413662239089,527,2.487614134908015,1.0,24331
-3.970143830622986,0.5066413662239089,527,2.4873350355849575,1.0,24331
-3.9733700682409974,0.5074404761904762,672,2.3287820858634802,1.0,24331
-3.987281840042098,0.5081029551954243,1049,2.028646249946609,1.0,24331
-4.039599416919578,0.5076923076923077,975,2.0736087313848612,1.0,24331
-4.040954815957018,0.5075445816186557,729,2.262999717070624,1.0,24331
-4.040954815957018,0.5075445816186557,729,2.263436037843729,1.0,24331
-4.040954815957018,0.5075445816186557,729,2.2630966568688686,1.0,24331
-4.051617205825914,0.5069551777434312,647,2.350045700642336,1.0,24331
-4.051617205825914,0.5069551777434312,647,2.351597788391071,1.0,24331
-4.051995596662105,0.5045045045045045,333,2.7640074416639324,1.0,24331
-4.052427411492684,0.507847533632287,892,2.1276535403363286,1.0,24331
-4.080442721108485,0.5076560659599529,849,2.157433483591519,1.0,24331
-4.094066315376626,0.5076201641266119,853,2.1548622606390815,1.0,24331
-4.099699644720532,0.5070785070785071,777,2.2096128241351654,1.0,24331
-4.105639544747143,0.5032894736842105,304,2.8091527052453755,1.0,24331
-4.115437710055503,0.5058139534883721,516,2.5136947952385826,1.0,24331
-4.1196442029148415,0.5032051282051282,312,2.7998178620978478,1.0,24331
-4.147438019129316,0.5031446540880503,318,2.7913425321573246,1.0,24331
-4.1852630056640105,0.5062111801242236,644,2.354412631685051,1.0,24331
-4.206122869711453,0.5069897483690587,1073,2.0162072902259593,1.0,24331
-4.224074724887069,0.5064599483204134,774,2.2147007408953296,1.0,24331
-4.225449368931778,0.5030674846625767,326,2.7778036883728,1.0,24331
-4.225610181320836,0.5067385444743935,742,2.255937121580909,1.0,24331
-4.230506050844232,0.5066803699897225,973,2.075118845226782,1.0,24331
-4.243087386119447,0.5056179775280899,623,2.376180991310579,1.0,24331
-4.282508675740616,0.5047984644913628,521,2.496859835391823,1.0,24331
-4.288751401431824,0.5051903114186851,578,2.422863953132969,1.0,24331
-4.300901080055397,0.504835589941973,517,2.512395638332195,1.0,24331
-4.3073371298208984,0.5029239766081871,342,2.7520450315101064,1.0,24331
-4.331067897952033,0.5028901734104047,346,2.744920377808295,1.0,24331
-4.344297356925045,0.5061262959472196,1061,2.0197310426532207,1.0,24331
-4.345050129051639,0.5028409090909091,352,2.7369849130675927,1.0,24331
-4.371068586025629,0.5045871559633027,545,2.464774916792945,1.0,24331
-4.384344036465478,0.5060465116279069,1075,2.014437507494778,1.0,24331
-4.385345158064215,0.5016501650165016,303,2.810898302709152,1.0,24331
-4.39654397684682,0.5048076923076923,624,2.372841300001273,1.0,24331
-4.398097977150889,0.504746835443038,632,2.368408421888408,1.0,24331
-4.4017057443432055,0.5016611295681063,301,2.814217108294371,1.0,24331
-4.409235817581507,0.505795574288725,949,2.092482650373189,1.0,24331
-4.425971218240992,0.5015974440894568,313,2.7989363769900306,1.0,24331
-4.4527647381885895,0.5042444821731749,589,2.4176297754880007,1.0,24331
-4.458946169483483,0.5043478260869565,575,2.4260854410829014,1.0,24331
-4.461173473818358,0.504302925989673,581,2.4200161141843264,1.0,24331
-4.4732061702605845,0.5055762081784386,1076,2.0133181159231937,1.0,24331
-4.475151305925331,0.5055555555555555,1080,2.0110117545241377,1.0,24331
-4.479281222590641,0.5038461538461538,520,2.506216181762965,1.0,24331
-4.490772915539681,0.5037453183520599,534,2.4736469396369314,1.0,24331
-4.513709054223233,0.5037735849056604,530,2.4797606236411625,1.0,24331
-4.5462131490548865,0.5036630036630036,546,2.4635023525264548,1.0,24331
-4.550791888479848,0.5031578947368421,475,2.5725095306153927,1.0,24331
-4.550791888479848,0.5031578947368421,475,2.571908238590112,1.0,24331
-4.550791888479848,0.5031578947368421,475,2.570627533766642,1.0,24331
-4.5520240782364985,0.5048262548262549,1036,2.0332020153664043,1.0,24331
-4.5570832863324755,0.5036101083032491,554,2.453795635571897,1.0,24331
-4.5570832863324755,0.5036101083032491,554,2.4544343130367645,1.0,24331
-4.5570832863324755,0.5036101083032491,554,2.4535197089056773,1.0,24331
-4.585989332392925,0.501432664756447,349,2.7427510680921503,1.0,24331
-4.594846093331944,0.5014245014245015,351,2.7409982937774036,1.0,24331
-4.614488300674725,0.5033557046979866,596,2.4132722922711762,1.0,24331
-4.617306566094151,0.5034965034965035,572,2.4339117735323303,1.0,24331
-4.624399950878258,0.5,284,2.8404840264206563,1.0,24331
-4.630220831940476,0.504390243902439,1025,2.03862309916346,1.0,24331
-4.660563272740985,0.5,298,2.818412056918066,1.0,24331
-4.71451067721865,0.5039370078740157,762,2.228858531142034,1.0,24331
-4.741854517805928,0.5040106951871658,748,2.247205964841186,1.0,24331
-4.7444469075645355,0.5026929982046678,557,2.449157102090266,1.0,24331
-4.747183151561972,0.5026737967914439,561,2.442530556684762,1.0,24331
-4.747183151561972,0.5026737967914439,561,2.4421280820740128,1.0,24331
-4.751702273645562,0.5024711696869851,607,2.40024138946902,1.0,24331
-4.754824704990976,0.502454991816694,611,2.3883803656085183,1.0,24331
-4.783768509259781,0.5026178010471204,573,2.4331411191847288,1.0,24331
-4.789832597475675,0.5035783994795056,1537,1.7691586849548124,1.0,24331
-4.803510176727365,0.5036255767963085,1517,1.7762706530214736,1.0,24331
-4.809401215253652,0.5034825870646766,1005,2.0537582399444454,1.0,24331
-4.860350919330567,0.5033200531208499,753,2.2384640483720117,1.0,24331
-4.863689820926591,0.5,344,2.7490653621634897,1.0,24331
-4.8854735746502165,0.5,354,2.7343953102638254,1.0,24331
-4.891843292617101,0.50293542074364,1022,2.039913163629279,1.0,24331
-4.896277536044906,0.5018115942028986,552,2.457050324731761,1.0,24331
-4.916672149512929,0.501779359430605,562,2.44126646215272,1.0,24331
-4.917058378670239,0.5016666666666667,600,2.408076768027859,1.0,24331
-4.917274618673758,0.5016393442622951,610,2.3894704325307936,1.0,24331
-4.917274618673758,0.5016393442622951,610,2.388979123493354,1.0,24331
-4.917274618673758,0.5016393442622951,610,2.388949958142027,1.0,24331
-4.927363561035912,0.5017857142857143,560,2.4453554852711052,1.0,24331
-4.934071808552584,0.50285351934052,1577,1.752898907958515,1.0,24331
-4.935108085412413,0.5028499050031665,1579,1.751862632820475,1.0,24331
-4.970771715513425,0.49828178694158076,291,2.8278717933688093,1.0,24331
-4.970771715513425,0.49828178694158076,291,2.826658970539836,1.0,24331
-4.970771715513425,0.49828178694158076,291,2.827516215989858,1.0,24331
-4.978253847588644,0.5024485798237023,1021,2.0437642280350907,1.0,24331
-4.982639486008975,0.5025284450063211,1582,1.750910979876808,1.0,24331
-5.030771508091896,0.5,370,2.7166327904665897,1.0,24331
-5.0369060072600425,0.5,386,2.690458418278913,1.0,24331
-5.064504565029321,0.5008210180623974,609,2.3985476540287847,1.0,24331
-5.0922120654459695,0.5008347245409015,599,2.4099629073051805,1.0,24331
-5.0922120654459695,0.5008347245409015,599,2.4100111600845873,1.0,24331
-5.095252966230008,0.5022914757103575,1091,2.0029962910454406,1.0,24331
-5.099311875596632,0.501875,1600,1.739823743537896,1.0,24331
-5.137361065107362,0.5018159806295399,1652,1.718163811679416,1.0,24331
-5.1585499633285705,0.5016789791806582,1489,1.7885619547678997,1.0,24331
-5.17479250232315,0.5015499070055797,1613,1.7347833784499984,1.0,24331
-5.211403464210575,0.5012515644555695,1598,1.7419248012979596,1.0,24331
-5.2196998583038265,0.501254705144291,1594,1.743777248237474,1.0,24331
-5.23167700416038,0.501230012300123,1626,1.7288627563017829,1.0,24331
-5.238130293829948,0.5013368983957219,1496,1.783510175242789,1.0,24331
-5.2513829899754745,0.5013673655423884,1097,2.0007866936876946,1.0,24331
-5.25433837029278,0.4986301369863014,365,2.720176245567605,1.0,24331
-5.266739375805171,0.5012809564474808,1171,1.954949883514023,1.0,24331
-5.277300926530019,0.5013054830287206,1149,1.967976532344233,1.0,24331
-5.2791232439726015,0.5009404388714733,1595,1.7426087586026247,1.0,24331
-5.285014690932632,0.5013123359580053,1143,1.9717335730809018,1.0,24331
-5.285014690932632,0.5013123359580053,1143,1.9717570139462541,1.0,24331
-5.291362188984005,0.4965034965034965,286,2.836950869637276,1.0,24331
-5.291562705371075,0.5009185548071035,1633,1.7268712254486422,1.0,24331
-5.300743039156069,0.49868073878627966,379,2.6992421990153446,1.0,24331
-5.300743039156069,0.49868073878627966,379,2.7024096433223663,1.0,24331
-5.30252069959765,0.5009253547193091,1621,1.7305013701494083,1.0,24331
-5.314027580136696,0.5009009009009009,1665,1.7098264408221013,1.0,24331
-5.3149519012848385,0.5009019843656043,1663,1.7108423583781593,1.0,24331
-5.347027887984004,0.49866666666666665,375,2.7103195525918737,1.0,24331
-5.347569802958921,0.5008532423208191,1172,1.9541956915039822,1.0,24331
-5.347569802958921,0.5008532423208191,1172,1.9541844075469024,1.0,24331
-5.356203805424644,0.5008771929824561,1140,1.9730020828785864,1.0,24331
-5.358788655870691,0.5008417508417509,1188,1.9390548613605287,1.0,24331
-5.361795764033294,0.5008726003490401,1146,1.9701742362009438,1.0,24331
-5.370861897315486,0.5006002400960384,1666,1.7092031910837364,1.0,24331
-5.3751048155685215,0.5003417634996582,1463,1.7985858934480037,1.0,24331
-5.400683883605856,0.5003111387678905,1607,1.7367524837349317,1.0,24331
-5.4332072133910865,0.5004255319148936,1175,1.9509784204754437,1.0,24331
-5.43813521019643,0.5004248088360238,1177,1.947250815162569,1.0,24331
-5.462342651081232,0.4972375690607735,362,2.725564248564717,1.0,24331
-5.517849515272589,0.5,1190,1.9375522962765066,1.0,24331
-5.524694952296178,0.49728260869565216,368,2.718430021861664,1.0,24331
-5.590023838949656,0.49955396966993754,1121,1.9852360054635028,1.0,24331
-5.594956520200242,0.49955317247542447,1119,1.989204066613755,1.0,24331
-5.597315599185219,0.49958298582151794,1199,1.9347323110502916,1.0,24331
-5.601871831881556,0.4995836802664446,1201,1.9341837003782663,1.0,24331
-5.6526878840516925,0.49910340705319783,1673,1.7041695905685348,1.0,24331
-5.6526878840516925,0.49910340705319783,1673,1.7036420541251336,1.0,24331
-5.680406048327578,0.49916805324459235,1202,1.9338559623738867,1.0,24331
-5.682888981308695,0.49884704073789393,1301,1.881013141789382,1.0,24331
-5.691208023640635,0.49910394265232977,1116,1.9908455050666025,1.0,24331
-5.697449815602522,0.49884348496530456,1297,1.883942354486027,1.0,24331
-5.754025228822701,0.4984472049689441,1288,1.8867828607941837,1.0,24331
-5.77177601720542,0.49625935162094764,401,2.6628686903234957,1.0,24331
-5.780163732523548,0.49678800856531047,467,2.583933643758703,1.0,24331
-5.7972354587046455,0.49837662337662336,1232,1.915144931367323,1.0,24331
-5.808362836386716,0.49743589743589745,2340,1.415445633632105,1.0,24331
-5.830440627285344,0.49805749805749805,1287,1.8875199412308716,1.0,24331
-5.848852806057744,0.49719464825205006,2317,1.4236700652218854,1.0,24331
-5.857920597424251,0.4974120082815735,1932,1.5838490203795517,1.0,24331
-5.8616234277903985,0.4971677559912854,2295,1.4338924892504874,1.0,24331
-5.868530705311841,0.4979691307879773,1231,1.9156671905826368,1.0,24331
-5.868909901125801,0.4979625101874491,1227,1.9195244484706788,1.0,24331
-5.874307961303716,0.49724310776942354,1995,1.5589248843605499,1.0,24331
-5.880557263447768,0.4974214721050164,2133,1.5038090238719746,1.0,24331
-5.919569413934133,0.4968044311887516,2347,1.4128569090683287,1.0,24331
-5.922849739287382,0.49718045112781956,2128,1.5056485689882715,1.0,24331
-5.937513303575852,0.497581202487906,1447,1.804061923846176,1.0,24331
-5.941853610488372,0.49761526232114467,1258,1.9020653682219708,1.0,24331
-5.948205713480941,0.49441340782122906,358,2.7322386125493625,1.0,24331
-5.949057137133902,0.4966216216216216,2368,1.4033693428460052,1.0,24331
-5.97345896144419,0.4973464746019712,1319,1.8706025057169273,1.0,24331
-5.976919751457985,0.49673202614379086,1989,1.5610500792464612,1.0,24331
-5.981488168992515,0.49572649572649574,468,2.583661565226723,1.0,24331
-6.039055104355787,0.4964717741935484,1984,1.5637019435198003,1.0,24331
-6.044322848417911,0.4970588235294118,1360,1.8490161285131324,1.0,24331
-6.044322848417911,0.4970588235294118,1360,1.8479623844880748,1.0,24331
-6.044322848417911,0.4970588235294118,1360,1.850377112259927,1.0,24331
-6.044691189503702,0.49696969696969695,1320,1.8699530677044964,1.0,24331
-6.044691189503702,0.49696969696969695,1320,1.869333899213013,1.0,24331
-6.048492473291253,0.4971381847914963,1223,1.9229199388453742,1.0,24331
-6.062989000981411,0.4967741935483871,1705,1.6930495953466125,1.0,24331
-6.066236421221481,0.49587458745874585,2424,1.3777242147402708,1.0,24331
-6.066449345962831,0.4967779730521383,1707,1.6898392653045262,1.0,24331
-6.071207279533347,0.4963579604578564,1922,1.5883537001076045,1.0,24331
-6.084848054257607,0.496206373292868,1977,1.5663095068669066,1.0,24331
-6.1035389160899705,0.4966190833959429,1331,1.8650133232315789,1.0,24331
-6.1035389160899705,0.4966190833959429,1331,1.8649104404339172,1.0,24331
-6.107001451288405,0.4956914238818219,2437,1.3732367723430818,1.0,24331
-6.1115408678624785,0.49608610567514677,2044,1.5411536179233702,1.0,24331
-6.1120699815949076,0.4962013295346629,2106,1.517660699600857,1.0,24331
-6.121363422860735,0.49649532710280375,1712,1.6865545508973507,1.0,24331
-6.127098110308389,0.496683861459101,1357,1.8530985622083733,1.0,24331
-6.127098110308389,0.496683861459101,1357,1.8520218155852235,1.0,24331
-6.157452094821958,0.4958435207823961,2045,1.5403131930127514,1.0,24331
-6.162830652501937,0.4959271681839962,2087,1.524805654537675,1.0,24331
-6.163081497527913,0.4945770065075922,461,2.5931408928381403,1.0,24331
-6.175314779047985,0.4954013377926421,2392,1.393406225703376,1.0,24331
-6.178235449634274,0.49529267294310275,2443,1.3715822690469732,1.0,24331
-6.180847518819287,0.4962630792227205,1338,1.8624019764471988,1.0,24331
-6.188843957654573,0.4962686567164179,1340,1.8618446864756435,1.0,24331
-6.1946877422220314,0.4953764861294584,2271,1.4460197574102862,1.0,24331
-6.205802209067716,0.49617258176757134,1437,1.810268075495431,1.0,24331
-6.207827132529292,0.495364238410596,2265,1.4504823629276549,1.0,24331
-6.213855102540893,0.49509403107113653,2446,1.3694641576760678,1.0,24331
-6.216624060334095,0.4950900163666121,2444,1.3709174346310098,1.0,24331
-6.231717970067815,0.4951669595782074,2276,1.4418068885379947,1.0,24331
-6.232115135606962,0.4953271028037383,2247,1.4563531881333893,1.0,24331
-6.235826168925806,0.49531459170013387,2241,1.4592161169099764,1.0,24331
-6.254409468563529,0.4951370468611848,2262,1.4519584194951616,1.0,24331
-6.257741776375575,0.4958427815570673,1323,1.8674110084606799,1.0,24331
-6.261889478722114,0.4959046909903202,1343,1.8599864767275878,1.0,24331
-6.263871362432551,0.4957805907172996,1422,1.8200634925337882,1.0,24331
-6.275938319006268,0.4956921309592188,1741,1.6751614622186302,1.0,24331
-6.278299070600441,0.49569707401032703,1743,1.6745103631718556,1.0,24331
-6.280088784067726,0.4950980392156863,2244,1.4569728159641313,1.0,24331
-6.282516223013173,0.4948124501197127,2506,1.348936304084051,1.0,24331
-6.287380946044217,0.49471974004874086,2462,1.3651427222398158,1.0,24331
-6.29039436766848,0.4955257270693512,1788,1.6495536810034062,1.0,24331
-6.29039436766848,0.4955257270693512,1788,1.648894166872122,1.0,24331
-6.290572763643073,0.4949272165857962,2267,1.4493913133401946,1.0,24331
-6.292702399407355,0.49516797054763,2173,1.4874214978380733,1.0,24331
-6.301725733257086,0.49502487562189057,2010,1.5542479126456556,1.0,24331
-6.310487539232211,0.4951276102088167,2155,1.4948982973203266,1.0,24331
-6.315158340826867,0.49567099567099565,1386,1.8370875562000508,1.0,24331
-6.315158340826867,0.49567099567099565,1386,1.8369667725453913,1.0,24331
-6.319306328492049,0.4945128034585966,3007,1.1603769779897906,1.0,24331
-6.327214308666507,0.4953970080552359,1738,1.6755751642593615,1.0,24331
-6.3318908532534595,0.4947089947089947,2268,1.4493503864220998,1.0,24331
-6.349992400894792,0.4949053857350801,2061,1.533862769839541,1.0,24331
-6.354440650290638,0.4944223107569721,2510,1.3470017811289825,1.0,24331
-6.359184359139049,0.49336283185840707,452,2.5985629173838913,1.0,24331
-6.359184359139049,0.49336283185840707,452,2.5985497702435323,1.0,24331
-6.366151658454043,0.49429037520391517,2452,1.3678317158350237,1.0,24331
-6.3954094753851445,0.49466537342386036,2062,1.5337720757182525,1.0,24331
-6.4007434568640695,0.49519586104951957,1353,1.8549446798794216,1.0,24331
-6.4019210429993105,0.495,1800,1.6449281322037206,1.0,24331
-6.4019210429993105,0.495,1800,1.6450091133733122,1.0,24331
-6.406586100071881,0.49405940594059405,3030,1.1495371926759483,1.0,24331
-6.407611892797309,0.4950221238938053,1808,1.6422671407040854,1.0,24331
-6.414909391881274,0.4950213371266003,1406,1.829337228067204,1.0,24331
-6.4196135651355695,0.49392583120204603,3128,1.108220371408871,1.0,24331
-6.4196135651355695,0.49392583120204603,3128,1.1087838802590109,1.0,24331
-6.420468631477037,0.4943820224719101,2225,1.4657222446913292,1.0,24331
-6.423023073314334,0.49399599733155436,2998,1.162639218542565,1.0,24331
-6.436703382114587,0.49383116883116884,3080,1.127142111086004,1.0,24331
-6.447323652046154,0.49478308621636463,1821,1.6350053165727627,1.0,24331
-6.449356488499324,0.4938110749185668,3070,1.1358183878708852,1.0,24331
-6.456905764677422,0.4937888198757764,3220,1.0682307262355648,1.0,24331
-6.46251681714074,0.4946004319654428,1852,1.6186901291000346,1.0,24331
-6.4688661934087595,0.49366677492692435,3079,1.1279853590369409,1.0,24331
-6.471231274665932,0.4936626584335392,3077,1.1313621324321468,1.0,24331
-6.474680006751068,0.49368816103718866,2931,1.1837189920463493,1.0,24331
-6.476153877471918,0.4946053378762067,1761,1.6676604384269105,1.0,24331
-6.479002542477752,0.49375975039001563,2564,1.3240233669694532,1.0,24331
-6.481852049158821,0.4946543121881682,1403,1.8299534478419093,1.0,24331
-6.485087939360843,0.49411764705882355,2210,1.4706358807067854,1.0,24331
-6.490422752046879,0.4923469387755102,392,2.6857655274572396,1.0,24331
-6.4919087642101,0.49352331606217614,3088,1.1235811375360802,1.0,24331
-6.499777628094031,0.49238578680203043,394,2.678490412448287,1.0,24331
-6.501617489326534,0.4935022742040286,3078,1.1293856702517768,1.0,24331
-6.502613344976782,0.4940962761126249,2202,1.4735954389338772,1.0,24331
-6.50895524417161,0.4934315924383211,3121,1.1106254621693332,1.0,24331
-6.5137022568555025,0.49354712553773955,2557,1.327628060685703,1.0,24331
-6.526505007954494,0.49342969776609724,3044,1.1461118697674215,1.0,24331
-6.526505007954494,0.49342969776609724,3044,1.1460324792880532,1.0,24331
-6.527131158911467,0.49338790931989923,3176,1.0895488113634308,1.0,24331
-6.530394143432279,0.4943117178612059,1758,1.669177444064026,1.0,24331
-6.530394143432279,0.4943117178612059,1758,1.6691191534145444,1.0,24331
-6.530394143432279,0.4943117178612059,1758,1.6694462426577426,1.0,24331
-6.545583343897131,0.49432624113475176,1410,1.8260108054306636,1.0,24331
-6.546542928461152,0.4933072151485472,3063,1.138660535599834,1.0,24331
-6.556639732890615,0.49316809659993643,3147,1.1026067193301627,1.0,24331
-6.5567972241367665,0.4932975871313673,2984,1.1670821856991684,1.0,24331
-6.56592036774167,0.4932762836185819,3272,1.0550523162053218,1.0,24331
-6.593547540855493,0.4931138730265368,2977,1.1686432693723232,1.0,24331
-6.599058435763268,0.49217002237136465,447,2.606178874377264,1.0,24331
-6.5992545374081795,0.4919908466819222,437,2.6165936181863847,1.0,24331
-6.604577757542061,0.49398907103825135,1830,1.6311275919583696,1.0,24331
-6.612628693713758,0.49290891900409706,3173,1.091910165121178,1.0,24331
-6.612686019203055,0.49290444654683063,3171,1.0926604201702077,1.0,24331
-6.61754836548414,0.49289548468582256,3167,1.0939844864929058,1.0,24331
-6.622262444540001,0.4936440677966102,1888,1.6033241844855186,1.0,24331
-6.624998868829015,0.49294045426642114,3258,1.0587810828525868,1.0,24331
-6.625154579323887,0.4928958051420839,2956,1.174632334946975,1.0,24331
-6.628052939671147,0.493006993006993,2574,1.3208232640065267,1.0,24331
-6.638593037916625,0.49280800500312694,3198,1.079726256441605,1.0,24331
-6.645221788205882,0.49289281598155976,2603,1.310298670088673,1.0,24331
-6.657836925370328,0.49277145493694247,3251,1.062033315046209,1.0,24331
-6.662669451224076,0.4928211098176174,2577,1.3203267022797065,1.0,24331
-6.674757249586717,0.492696287279367,3286,1.046936793406938,1.0,24331
-6.681349986056357,0.4926985981308411,3424,0.9968601152211951,1.0,24331
-6.681802395299731,0.4926289926289926,3256,1.0593769847443126,1.0,24331
-6.685847528803087,0.4926964074220292,2533,1.336007381353561,1.0,24331
-6.693739261891462,0.49264705882352944,2584,1.316143282882478,1.0,24331
-6.694574491343272,0.4925170068027211,2940,1.1806336685866023,1.0,24331
-6.696501884677715,0.49256312694569354,2891,1.1971136736376617,1.0,24331
-6.698874777270926,0.4926299456943367,2578,1.3195185475850733,1.0,24331
-6.698874777270926,0.4926299456943367,2578,1.3198558274715195,1.0,24331
-6.699806436399131,0.49255797853928696,2889,1.1975864357233839,1.0,24331
-6.725209564955194,0.4923599320882852,2945,1.1783378102339617,1.0,24331
-6.735045394009888,0.4924506387921022,2583,1.3169233200840398,1.0,24331
-6.7398931443611945,0.49239766081871345,3420,0.9983061541726828,1.0,24331
-6.757879734080233,0.4930332261521972,1866,1.6112460856140627,1.0,24331
-6.779939898789807,0.4910313901345291,446,2.6066135081392137,1.0,24331
-6.817510708657097,0.49196906603212376,3362,1.0189007878355854,1.0,24331
-6.827831564464739,0.49078341013824883,434,2.6219605156535053,1.0,24331
-6.827831564464739,0.49078341013824883,434,2.6214071987348477,1.0,24331
-6.882332528266026,0.4916016796640672,3334,1.0298620256181175,1.0,24331
-6.924404593095682,0.49144542772861355,3390,1.009332331411601,1.0,24331
-6.925343012456206,0.49151318165402674,2769,1.2458654456475247,1.0,24331
-6.9294178070218715,0.4914187643020595,3496,0.9770656646682812,1.0,24331
-6.935469059554198,0.49146757679180886,2637,1.2959484066376175,1.0,24331
-6.93611115685195,0.49131736526946107,3340,1.0273560839468936,1.0,24331
-6.93611115685195,0.49131736526946107,3340,1.028107973885239,1.0,24331
-6.950444918741168,0.49093828859830235,4359,0.6724573536480389,1.0,24331
-6.955109509563102,0.4912403644008409,2854,1.2097406000381354,1.0,24331
-6.9560322142832325,0.4912782384901344,3497,0.9760132973526887,1.0,24331
-6.964362997658887,0.4911755907867185,3343,1.0268554438374102,1.0,24331
-6.967105082108693,0.4912033779028853,2842,1.2134561437141926,1.0,24331
-6.976048078195925,0.4911886014248219,2667,1.2837600270868414,1.0,24331
-6.978299296094496,0.4911373707533235,2708,1.2708373737102405,1.0,24331
-7.019174743904312,0.4909090909090909,3520,0.9656480537330197,1.0,24331
-7.033174691677332,0.49097345132743364,2825,1.2226257570811403,1.0,24331
-7.035811037784007,0.4906054279749478,4311,0.6902405839527671,1.0,24331
-7.036049641593406,0.4906010675330703,4309,0.6927782835225494,1.0,24331
-7.047807533924205,0.4906747120131651,3646,0.923141488298181,1.0,24331
-7.058188486858985,0.49077090119435396,2763,1.2482295476291214,1.0,24331
-7.060654663922734,0.49075752084088436,2759,1.2511290312821974,1.0,24331
-7.069162977913181,0.4903431038400364,4401,0.6588638093257768,1.0,24331
-7.072221139685621,0.4906422018348624,2725,1.2641864207913953,1.0,24331
-7.072221139685621,0.4906422018348624,2725,1.2634959453460204,1.0,24331
-7.090759341027317,0.49023661842407534,4353,0.6751434236159113,1.0,24331
-7.102816105459361,0.49019160583941607,4384,0.665686782166421,1.0,24331
-7.105017491525888,0.4901338171921071,4409,0.6547428835741729,1.0,24331
-7.127147358660762,0.49029933481152993,3608,0.9346315437913367,1.0,24331
-7.144549797853222,0.49018523638374345,3617,0.9317653256552587,1.0,24331
-7.148752049932389,0.4902238594502692,3529,0.9629039061299653,1.0,24331
-7.150222557529089,0.4899363057324841,3925,0.8228497984062823,1.0,24331
-7.167248646552819,0.4898097826086957,4416,0.6511334909702036,1.0,24331
-7.172863582431735,0.49004424778761063,3616,0.931922861858472,1.0,24331
-7.176108434976889,0.48987665813358156,4297,0.6993034586337514,1.0,24331
-7.176108434976889,0.48987665813358156,4297,0.6990159567407984,1.0,24331
-7.176833069749073,0.4900387382401771,3614,0.933257136398722,1.0,24331
-7.179057986315426,0.48980632008154945,3924,0.8251851177565379,1.0,24331
-7.179057986315426,0.48980632008154945,3924,0.823136028527715,1.0,24331
-7.1860387466425895,0.48994565217391306,3680,0.9113055809529906,1.0,24331
-7.18909815736751,0.4899182561307902,3670,0.9150381843804583,1.0,24331
-7.201374307139867,0.48995535714285715,2688,1.277167010371898,1.0,24331
-7.202510294349421,0.4899031811894882,3615,0.9325623607587561,1.0,24331
-7.2080068983735215,0.4895903290799194,4467,0.6314744969499839,1.0,24331
-7.214380342560273,0.48978479978207573,3671,0.91473014306391,1.0,24331
-7.221345494839586,0.48961892247043365,3805,0.8704416160565196,1.0,24331
-7.221345494839586,0.48961892247043365,3805,0.8713461822053338,1.0,24331
-7.2217362883539655,0.4895229603209987,4486,0.6238167940683208,1.0,24331
-7.236453717448324,0.4896795219989136,3682,0.9107817228050223,1.0,24331
-7.2371078774971105,0.4894979508196721,3904,0.8336521757012865,1.0,24331
-7.24209394981038,0.48942329102649745,4491,0.6224344195757057,1.0,24331
-7.253797464666459,0.48968635207685784,3539,0.9595759549474676,1.0,24331
-7.270310651920059,0.48928092898615455,4478,0.6269517580426277,1.0,24331
-7.276013964455191,0.48955981941309257,3544,0.9578524447103769,1.0,24331
-7.280251256293837,0.4895657078398195,3546,0.9565772315977878,1.0,24331
-7.280251256293837,0.4895657078398195,3546,0.9574302696403052,1.0,24331
-7.280251256293837,0.4895657078398195,3546,0.9574626854185262,1.0,24331
-7.284519364480315,0.48930551888038026,3787,0.8785366524530459,1.0,24331
-7.285190697964435,0.4892673821745217,4286,0.7029591369201387,1.0,24331
-7.3084232834058325,0.4892067620286086,3845,0.8585293927254063,1.0,24331
-7.308776522371057,0.4894336432797971,3549,0.9560972636227003,1.0,24331
-7.311882012255405,0.48915917503966155,3782,0.8804252725503382,1.0,24331
-7.313089949192761,0.4891446507978028,3823,0.8654675245352776,1.0,24331
-7.314253278569166,0.4891534391534392,3780,0.8809252772502575,1.0,24331
-7.317472701444546,0.48826291079812206,426,2.6329263402772227,1.0,24331
-7.324637136506877,0.4889877641824249,4495,0.6200834945476956,1.0,24331
-7.346453141383049,0.48899818793683664,3863,0.8506425042644079,1.0,24331
-7.350530644706346,0.48884470952065384,4527,0.6091132488539361,1.0,24331
-7.356770254532067,0.4887767969735183,3965,0.8072963392777404,1.0,24331
-7.379273519929769,0.48883696780893043,3852,0.8556327978202095,1.0,24331
-7.384395841129729,0.48884108631352513,3719,0.8998444988997846,1.0,24331
-7.399307780078714,0.48875200856989826,3734,0.8949043121874973,1.0,24331
-7.407478676624672,0.48851879888973,3963,0.8081226632677012,1.0,24331
-7.4221093546217105,0.4886272411024886,3737,0.8943875345446899,1.0,24331
-7.433386191494619,0.4883897021706209,3962,0.808429847296088,1.0,24331
-7.444496398513781,0.48851774530271397,4790,0.5219201079698403,1.0,24331
-7.446778344120665,0.48843782117163415,3892,0.8387648634214419,1.0,24331
-7.472251200223257,0.48826291079812206,4260,0.7148695965896308,1.0,24331
-7.475851664275409,0.48823529411764705,4250,0.7197168641818759,1.0,24331
-7.477276381743072,0.4882738221001479,4733,0.5411544748138084,1.0,24331
-7.477353268421973,0.488347898460258,4806,0.5141737421757449,1.0,24331
-7.482937903636172,0.4881347887992406,4214,0.7318815427084581,1.0,24331
-7.486325363129306,0.48812142542894854,4546,0.6016367608776778,1.0,24331
-7.492582927994842,0.4881538822425522,4263,0.7136413965861936,1.0,24331
-7.512962161989459,0.4879638916750251,3988,0.800141544388923,1.0,24331
-7.51357542208457,0.4881576189478097,4771,0.5280520498056341,1.0,24331
-7.5236277612715385,0.4872389791183295,431,2.6281142240644604,1.0,24331
-7.5236277612715385,0.4872389791183295,431,2.6261637860565643,1.0,24331
-7.526826453017748,0.4879032258064516,4216,0.7315681563187446,1.0,24331
-7.529364443631388,0.4878741533755735,4577,0.590717761922364,1.0,24331
-7.532334497249519,0.4880503144654088,4770,0.5286024956633593,1.0,24331
-7.536805990694184,0.48782816229116943,4190,0.7381197015196346,1.0,24331
-7.555026899888892,0.4877577319587629,4656,0.5665243308800281,1.0,24331
-7.594381814666865,0.4875643224699828,4664,0.5630613802883409,1.0,24331
-7.604049220246285,0.48748796920115495,4156,0.7479449294041238,1.0,24331
-7.605013963665945,0.4874874874874875,3996,0.7990295700586681,1.0,24331
-7.62099326681908,0.487409200968523,4130,0.7556536442099888,1.0,24331
-7.6457391137475215,0.4872596153846154,4160,0.7461772055532971,1.0,24331
-7.647104065863934,0.48724179829890646,4115,0.7621614974077404,1.0,24331
-7.680883804166069,0.4870274277242402,4047,0.7834460263716008,1.0,24331
-7.682622703738899,0.48701459312391787,4043,0.7863945555648486,1.0,24331
-7.682622703738899,0.48701459312391787,4043,0.7856637906864947,1.0,24331
-7.699821537887774,0.4869393790044357,4058,0.7793707003436372,1.0,24331
-7.713588119133384,0.4869546621043627,4676,0.5593206067800212,1.0,24331
-7.724535344629077,0.4868452811972001,4143,0.7517775919496251,1.0,24331
-7.725615027841373,0.4867999013076733,4053,0.7809104335477597,1.0,24331
-7.725615027841373,0.4867999013076733,4053,0.7808407231958312,1.0,24331
-7.733701862959672,0.48689537609205197,4693,0.5542683127162178,1.0,24331
-7.7348315065366435,0.4867750545983984,4121,0.7604244124928601,1.0,24331
-7.7348315065366435,0.4867750545983984,4121,0.7601120226199405,1.0,24331
-7.749556619478472,0.4866732477788746,4052,0.782212105343892,1.0,24331
-7.756627942747654,0.48666168037895785,4011,0.7961514739641926,1.0,24331
-7.7835225768175365,0.4865269461077844,4008,0.7966612480857664,1.0,24331
